,TW,sfx,incidence
0,0,redness_swelling,0.5515174650504939
1,1,redness_swelling,0.031435044676793006
2,2,redness_swelling,0.6190547491790355
3,3,redness_swelling,0.3341130508607583
4,4,redness_swelling,6.122488356979762
5,5,redness_swelling,0.14282443578992393
6,6,redness_swelling,0.46246904836140806
7,7,redness_swelling,1.137851662534549
8,8,redness_swelling,0.13374131619677923
9,9,redness_swelling,0.09813125260875519
10,10,redness_swelling,0.017136726454093983
11,11,redness_swelling,0.6412998381151552
12,12,redness_swelling,0.8411671765891413
13,13,redness_swelling,3.3201605537512626
14,14,redness_swelling,1.4956506498237365
15,15,redness_swelling,1.2716887714306475
16,16,redness_swelling,0.47546548213160755
17,17,redness_swelling,0.40342399344751
18,18,redness_swelling,0.019060773391091503
19,19,redness_swelling,4.437283871642323
20,20,redness_swelling,0.8392044915475204
21,21,redness_swelling,0.8944765804299761
22,22,redness_swelling,0.020095322878488142
23,23,redness_swelling,0.4615515792931726
24,24,redness_swelling,0.2741868600782547
25,25,redness_swelling,0.24561117052262624
26,26,redness_swelling,1.3356368896914594
27,27,redness_swelling,0.7299887818536002
28,28,redness_swelling,0.1447556798585261
29,29,redness_swelling,0.2650014226467144
30,30,redness_swelling,1.3019771397102482
31,31,redness_swelling,0.21484142711051077
32,32,redness_swelling,0.36724108356433827
33,33,redness_swelling,0.12370918111102214
34,34,redness_swelling,0.700018969386189
35,35,redness_swelling,1.4371888257942906
36,36,redness_swelling,0.6836311285201999
37,37,redness_swelling,0.9382130167876991
38,38,redness_swelling,0.4437317083212288
39,39,redness_swelling,0.4831622073722611
40,40,redness_swelling,0.5751727737747331
41,41,redness_swelling,5.352533001404193
42,42,redness_swelling,0.5238070939736416
43,43,redness_swelling,2.7868490381413054
44,44,redness_swelling,0.4463618235144892
45,45,redness_swelling,3.9056318950739417
46,46,redness_swelling,0.1078166070396859
47,47,redness_swelling,3.2801833922915136
48,48,redness_swelling,0.4307445420226587
49,49,redness_swelling,0.2189970034109079
50,50,redness_swelling,0.059595977117525734
51,51,redness_swelling,0.34999100844993775
52,52,redness_swelling,0.6697504418732494
53,53,redness_swelling,0.6418356514947057
54,54,redness_swelling,0.5364830893294555
55,55,redness_swelling,2.2600023684529247
56,56,redness_swelling,0.2226399458679864
57,57,redness_swelling,5.654304087635236
58,58,redness_swelling,4.022978803081902
59,59,redness_swelling,0.426424243408983
60,60,redness_swelling,1.2960662188365932
61,61,redness_swelling,1.0332836578939768
62,62,redness_swelling,5.82331824077314
63,63,redness_swelling,0.9478808218902399
64,64,redness_swelling,1.3098183154169016
65,65,redness_swelling,0.4811247786107511
66,66,redness_swelling,1.8211421093896607
67,67,redness_swelling,0.03348138684294384
68,68,redness_swelling,1.19655796702081
69,69,redness_swelling,2.163849203985211
70,70,redness_swelling,0.10663409050564543
71,71,redness_swelling,0.47753626957426853
72,72,redness_swelling,0.033638719211707094
73,73,redness_swelling,0.03537983344815129
74,74,redness_swelling,0.23799260942809772
75,75,redness_swelling,0.13304710099075334
76,76,redness_swelling,0.15425211322309645
77,77,redness_swelling,0.5206735339640308
78,78,redness_swelling,0.21857605065364588
79,79,redness_swelling,4.8103188908652434
80,80,redness_swelling,1.6643534249066536
81,81,redness_swelling,3.165770616946988
82,82,redness_swelling,0.03531438753974376
83,83,redness_swelling,1.207740034556021
84,84,redness_swelling,2.2741467798655224
85,85,redness_swelling,2.955559941126012
86,86,redness_swelling,0.06657454684434305
87,87,redness_swelling,0.043171845136190615
88,88,redness_swelling,0.15829963958799842
89,89,redness_swelling,2.136759720878528
90,90,redness_swelling,0.013754319547982731
91,91,redness_swelling,0.14868267482395886
92,92,redness_swelling,0.049236330266219985
93,93,redness_swelling,0.34003725528655643
94,94,redness_swelling,1.0928236763244203
95,95,redness_swelling,0.27761084276169956
96,96,redness_swelling,0.7857887693664619
97,97,redness_swelling,0.4412135732164953
98,98,redness_swelling,0.0838513666917401
99,99,redness_swelling,0.007967603502751497
100,100,redness_swelling,1.037054513883993
101,101,redness_swelling,0.8031223289712588
102,102,redness_swelling,2.4338676370989174
103,103,redness_swelling,1.6241534429023856
104,104,redness_swelling,0.4126590138016139
105,105,redness_swelling,1.3465990764272415
106,106,redness_swelling,0.2840174590574493
107,107,redness_swelling,0.0009772140735496994
108,108,redness_swelling,3.529451812153847e-05
109,109,redness_swelling,2.064626968224577
110,110,redness_swelling,0.08043577285394327
111,111,redness_swelling,0.02133040422932281
112,112,redness_swelling,0.022195486621787348
113,113,redness_swelling,0.07472098993110793
114,114,redness_swelling,0.038658524532837815
115,115,redness_swelling,0.09306169078164109
116,116,redness_swelling,1.3549484995655539
117,117,redness_swelling,0.21650591280697123
118,118,redness_swelling,0.13332469223568655
119,119,redness_swelling,2.5780017754251694
120,120,redness_swelling,1.1249396512401766
121,121,redness_swelling,0.7215523871950784
122,122,redness_swelling,0.7042931165536495
123,123,redness_swelling,0.34446795447678086
124,124,redness_swelling,1.2555837034247452
125,125,redness_swelling,0.23477367819973283
126,126,redness_swelling,0.36280859758961503
127,127,redness_swelling,0.16230333293856197
128,128,redness_swelling,1.7266025247274535
129,129,redness_swelling,0.44609472945284756
130,130,redness_swelling,0.23700418955112923
131,131,redness_swelling,3.6605926220187412
132,132,redness_swelling,0.19544069176924184
133,133,redness_swelling,1.6929211245212699
134,134,redness_swelling,0.6485143352480456
135,135,redness_swelling,0.1283440342357154
136,136,redness_swelling,0.7191492825575119
137,137,redness_swelling,0.9262538569902035
138,138,redness_swelling,0.06362811359392485
139,139,redness_swelling,0.25987852353073315
140,140,redness_swelling,0.16514190732476267
141,141,redness_swelling,0.32098214420919546
142,142,redness_swelling,0.6405751773832689
143,143,redness_swelling,0.7919656881617263
144,144,redness_swelling,0.3067945133873107
145,145,redness_swelling,0.7297223414297844
146,146,redness_swelling,1.6306763171287344
147,147,redness_swelling,0.21619831543105866
148,148,redness_swelling,1.1245758982264873
149,149,redness_swelling,1.5194575420763416
150,150,redness_swelling,4.480601032065036
151,151,redness_swelling,1.705981273596798
152,152,redness_swelling,0.3045539945743492
153,153,redness_swelling,0.5278607008416915
154,154,redness_swelling,0.1051560755448489
155,155,redness_swelling,2.349887599925152
156,156,redness_swelling,0.14894782413354377
157,157,redness_swelling,2.466424168574091
158,158,redness_swelling,1.310587343314972
159,159,redness_swelling,0.42392769040780476
160,160,redness_swelling,0.1319134083515811
161,161,redness_swelling,1.7754937180682595
162,162,redness_swelling,0.45002622894680305
163,163,redness_swelling,0.19307122817517322
164,164,redness_swelling,0.6670786189026646
165,165,redness_swelling,1.5612741067210438
166,166,redness_swelling,0.4677663763800048
167,167,redness_swelling,1.2244503204272383
168,168,redness_swelling,0.7794439798481632
169,169,redness_swelling,1.283179592213553
170,170,redness_swelling,0.22854015741098338
171,171,redness_swelling,0.0288513076656807
172,172,redness_swelling,0.2315184796957549
173,173,redness_swelling,0.7882322910544163
174,174,redness_swelling,0.352258555734234
175,175,redness_swelling,0.9516812141157353
176,176,redness_swelling,0.25708398140263294
177,177,redness_swelling,0.0830310056251452
178,178,redness_swelling,1.2353961490941314
179,179,redness_swelling,0.3440885032476426
180,180,redness_swelling,0.7311089677940535
181,181,redness_swelling,0.11514608497786294
182,182,redness_swelling,0.8166811745228727
183,183,redness_swelling,0.6076094471425602
184,184,redness_swelling,1.4484952877106807
185,185,redness_swelling,1.637163163515106
186,186,redness_swelling,1.495273204450914
187,187,redness_swelling,0.8452886531246755
188,188,redness_swelling,0.7955620187555216
189,189,redness_swelling,2.5213868653438993
190,190,redness_swelling,0.12453976615298466
191,191,redness_swelling,2.0084165834622447
192,192,redness_swelling,0.2661061561034435
193,193,redness_swelling,0.64430911292658
194,194,redness_swelling,2.5048081417062495
195,195,redness_swelling,1.261089080417191
196,196,redness_swelling,0.086149878760033
197,197,redness_swelling,1.8655118826873147
198,198,redness_swelling,0.1164641827199705
199,199,redness_swelling,0.621447190225399
200,200,redness_swelling,0.39132206930174623
201,201,redness_swelling,0.24753823600216662
202,202,redness_swelling,0.009785912403394612
203,203,redness_swelling,0.03284867420619803
204,204,redness_swelling,0.058334740582944695
205,205,redness_swelling,0.13406095313321553
206,206,redness_swelling,0.6613254975397339
207,207,redness_swelling,0.29982087875332164
208,208,redness_swelling,1.4078223581367213
209,209,redness_swelling,0.8906921003617811
210,210,redness_swelling,4.466305443159701
211,211,redness_swelling,0.04794827599534406
212,212,redness_swelling,0.03453662446704458
213,213,redness_swelling,0.2187507827074395
214,214,redness_swelling,0.5729027774231478
215,215,redness_swelling,1.1929925302919253
216,216,redness_swelling,0.09786568547402211
217,217,redness_swelling,0.40062601092459255
218,218,redness_swelling,1.01877868966151
219,219,redness_swelling,3.2606423047551574
220,220,redness_swelling,0.01962224133925765
221,221,redness_swelling,2.6158117992662486
222,222,redness_swelling,0.7206017012907284
223,223,redness_swelling,0.020122245570378592
224,224,redness_swelling,1.229168327370708
225,225,redness_swelling,0.10989164811573998
226,226,redness_swelling,0.11377947388226031
227,227,redness_swelling,0.07418249883531773
228,228,redness_swelling,3.407064507892362
229,229,redness_swelling,0.6775849336381514
230,230,redness_swelling,1.2390490234096674
231,231,redness_swelling,2.7687657917743196
232,232,redness_swelling,0.04256792580729295
233,233,redness_swelling,0.2908407334395733
234,234,redness_swelling,1.3501528964058804
235,235,redness_swelling,2.031749932225793
236,236,redness_swelling,0.7489349599324244
237,237,redness_swelling,1.4023640619788083
238,238,redness_swelling,2.1568564913153563
239,239,redness_swelling,0.7964065822848546
240,240,redness_swelling,0.7989855204905267
241,241,redness_swelling,1.0824962061185393
242,242,redness_swelling,0.07888505781673362
243,243,redness_swelling,0.015791423031556142
244,244,redness_swelling,2.062596527629971
245,245,redness_swelling,0.5605546211711615
246,246,redness_swelling,3.3853361164624913
247,247,redness_swelling,1.3559758271739153
248,248,redness_swelling,1.0212016669757393
249,249,redness_swelling,0.7985224770318746
250,0,nausea_vomiting,0.6277248116552696
251,1,nausea_vomiting,0.44825504249456993
252,2,nausea_vomiting,0.36827071809287193
253,3,nausea_vomiting,0.788783741331333
254,4,nausea_vomiting,0.056849101829299066
255,5,nausea_vomiting,0.010135178452478905
256,6,nausea_vomiting,0.42753843976438954
257,7,nausea_vomiting,0.14288635022334148
258,8,nausea_vomiting,0.07492894406909982
259,9,nausea_vomiting,0.08160228206783074
260,10,nausea_vomiting,0.43563695054169194
261,11,nausea_vomiting,0.7457817116376738
262,12,nausea_vomiting,1.3310422851778028
263,13,nausea_vomiting,2.2389797190997274
264,14,nausea_vomiting,0.6121621199390034
265,15,nausea_vomiting,1.3502007320869263
266,16,nausea_vomiting,1.4595885149794026
267,17,nausea_vomiting,1.0509678499865145
268,18,nausea_vomiting,1.1235273092657085
269,19,nausea_vomiting,0.21560630386293253
270,20,nausea_vomiting,0.5958177900565088
271,21,nausea_vomiting,0.21725390461635086
272,22,nausea_vomiting,1.7919679789517513
273,23,nausea_vomiting,0.5017978527395435
274,24,nausea_vomiting,0.4081452602180009
275,25,nausea_vomiting,1.9576252585555771
276,26,nausea_vomiting,1.4723830919926444
277,27,nausea_vomiting,0.6596003426424366
278,28,nausea_vomiting,1.0228155637476746
279,29,nausea_vomiting,0.4038794929518072
280,30,nausea_vomiting,0.08285204172897727
281,31,nausea_vomiting,1.2072715458985703
282,32,nausea_vomiting,0.0862601558462481
283,33,nausea_vomiting,0.11373006884259572
284,34,nausea_vomiting,0.34993106435325594
285,35,nausea_vomiting,0.21774373284976
286,36,nausea_vomiting,0.9120397830137711
287,37,nausea_vomiting,0.4269630410368769
288,38,nausea_vomiting,0.09570908554904975
289,39,nausea_vomiting,0.8906197444816842
290,40,nausea_vomiting,0.2790305079446611
291,41,nausea_vomiting,0.3221586369287486
292,42,nausea_vomiting,0.3319492359507339
293,43,nausea_vomiting,0.5067167220314447
294,44,nausea_vomiting,0.00881488942839166
295,45,nausea_vomiting,0.7548160499766833
296,46,nausea_vomiting,0.9269157775891869
297,47,nausea_vomiting,0.46735971558723793
298,48,nausea_vomiting,0.2930348730569734
299,49,nausea_vomiting,0.048975093433899435
300,50,nausea_vomiting,0.9593648769779183
301,51,nausea_vomiting,1.4637514537841698
302,52,nausea_vomiting,0.465080201900123
303,53,nausea_vomiting,1.2822894534476028
304,54,nausea_vomiting,1.5396767645772467
305,55,nausea_vomiting,1.1180482850949665
306,56,nausea_vomiting,1.962045839749388
307,57,nausea_vomiting,0.12041600007497728
308,58,nausea_vomiting,0.13760233139915662
309,59,nausea_vomiting,0.2295157234416632
310,60,nausea_vomiting,0.7013210398363787
311,61,nausea_vomiting,0.7164998313254762
312,62,nausea_vomiting,0.7004441447072396
313,63,nausea_vomiting,0.5846388188404786
314,64,nausea_vomiting,0.27928554146909707
315,65,nausea_vomiting,1.1395637186282082
316,66,nausea_vomiting,0.4216890102284676
317,67,nausea_vomiting,0.6378756649806815
318,68,nausea_vomiting,2.0433531455879956
319,69,nausea_vomiting,0.7755264545954853
320,70,nausea_vomiting,0.4849850008977389
321,71,nausea_vomiting,0.4976837310071065
322,72,nausea_vomiting,0.4512382659450208
323,73,nausea_vomiting,0.28370927681639396
324,74,nausea_vomiting,2.025225023302948
325,75,nausea_vomiting,1.9106102949348927
326,76,nausea_vomiting,0.020449234175728442
327,77,nausea_vomiting,2.3161131408709865
328,78,nausea_vomiting,0.43901817174178465
329,79,nausea_vomiting,1.738012888910889
330,80,nausea_vomiting,0.7423775863291757
331,81,nausea_vomiting,0.457152629507232
332,82,nausea_vomiting,0.36814627147050877
333,83,nausea_vomiting,0.40528965098833986
334,84,nausea_vomiting,0.3847766218012121
335,85,nausea_vomiting,0.18025014700102435
336,86,nausea_vomiting,0.5222631328375725
337,87,nausea_vomiting,1.097449960926438
338,88,nausea_vomiting,0.14285958175509855
339,89,nausea_vomiting,0.8621448158612156
340,90,nausea_vomiting,0.020253701843144144
341,91,nausea_vomiting,1.5417951430346617
342,92,nausea_vomiting,0.5412743253506507
343,93,nausea_vomiting,0.40104629029011474
344,94,nausea_vomiting,0.8360897523005397
345,95,nausea_vomiting,0.5924643222496104
346,96,nausea_vomiting,0.678167251157463
347,97,nausea_vomiting,0.7623359723115567
348,98,nausea_vomiting,0.6959780518019623
349,99,nausea_vomiting,0.0857611540708755
350,100,nausea_vomiting,0.08985896232922812
351,101,nausea_vomiting,0.685165762239589
352,102,nausea_vomiting,2.771306729063645
353,103,nausea_vomiting,0.11454533519303854
354,104,nausea_vomiting,1.7950509163945214
355,105,nausea_vomiting,0.19413033213170172
356,106,nausea_vomiting,0.6925203797978431
357,107,nausea_vomiting,1.065687923323441
358,108,nausea_vomiting,0.15605328134532948
359,109,nausea_vomiting,1.877396887545138
360,110,nausea_vomiting,2.2435244405281494
361,111,nausea_vomiting,3.573388787593503
362,112,nausea_vomiting,0.3499268747887551
363,113,nausea_vomiting,0.6952419144463938
364,114,nausea_vomiting,2.128373934306545
365,115,nausea_vomiting,0.6117565253496
366,116,nausea_vomiting,0.6188801520969981
367,117,nausea_vomiting,0.8952353839106346
368,118,nausea_vomiting,0.1849814649535162
369,119,nausea_vomiting,1.1182034294916732
370,120,nausea_vomiting,0.014763349428662784
371,121,nausea_vomiting,0.3118298855785785
372,122,nausea_vomiting,1.2696962195011876
373,123,nausea_vomiting,0.00918679689189845
374,124,nausea_vomiting,0.6760001849653929
375,125,nausea_vomiting,0.5597032434714638
376,126,nausea_vomiting,0.6108098919265041
377,127,nausea_vomiting,0.2283870768447338
378,128,nausea_vomiting,0.5215051228639903
379,129,nausea_vomiting,0.7644572458271792
380,130,nausea_vomiting,1.3099024285367329
381,131,nausea_vomiting,0.5319771357693953
382,132,nausea_vomiting,0.20038892687701138
383,133,nausea_vomiting,0.5587702801660986
384,134,nausea_vomiting,0.4618103675936824
385,135,nausea_vomiting,1.414542565539332
386,136,nausea_vomiting,0.4029404935873606
387,137,nausea_vomiting,0.5763579743841853
388,138,nausea_vomiting,1.2877833680722068
389,139,nausea_vomiting,0.045091880328241185
390,140,nausea_vomiting,1.708872447881631
391,141,nausea_vomiting,1.1617638854114243
392,142,nausea_vomiting,0.965332312360409
393,143,nausea_vomiting,2.3213825838945037
394,144,nausea_vomiting,0.4662375879284222
395,145,nausea_vomiting,0.7573479199612181
396,146,nausea_vomiting,0.8525773561724042
397,147,nausea_vomiting,2.1158284932661555
398,148,nausea_vomiting,0.2791885201658652
399,149,nausea_vomiting,0.7564691355292283
400,150,nausea_vomiting,0.32508053443648044
401,151,nausea_vomiting,0.08082510442456976
402,152,nausea_vomiting,0.7980829561153263
403,153,nausea_vomiting,0.4685376502259928
404,154,nausea_vomiting,0.33795254830562643
405,155,nausea_vomiting,0.20012454486569276
406,156,nausea_vomiting,0.31737876772951457
407,157,nausea_vomiting,1.0832885569044615
408,158,nausea_vomiting,0.4759351702901733
409,159,nausea_vomiting,0.1945860925578656
410,160,nausea_vomiting,0.21087022203429467
411,161,nausea_vomiting,0.10141760635042701
412,162,nausea_vomiting,0.891310405037895
413,163,nausea_vomiting,1.7097646437304193
414,164,nausea_vomiting,0.3026938836051906
415,165,nausea_vomiting,0.8373094232457956
416,166,nausea_vomiting,1.317863488566089
417,167,nausea_vomiting,0.485263096618706
418,168,nausea_vomiting,0.13916405892609682
419,169,nausea_vomiting,0.12709244645362414
420,170,nausea_vomiting,0.4326593622193716
421,171,nausea_vomiting,0.4613307897193831
422,172,nausea_vomiting,0.7749302850734536
423,173,nausea_vomiting,0.07958947038467284
424,174,nausea_vomiting,0.7099951186412226
425,175,nausea_vomiting,1.9684487434363622
426,176,nausea_vomiting,0.3420154039262607
427,177,nausea_vomiting,0.1392480826189544
428,178,nausea_vomiting,1.867044222352024
429,179,nausea_vomiting,0.6395076161096336
430,180,nausea_vomiting,1.4176053530430506
431,181,nausea_vomiting,0.6004284904431327
432,182,nausea_vomiting,0.6343534320998274
433,183,nausea_vomiting,0.35870650921398406
434,184,nausea_vomiting,0.27684914982735703
435,185,nausea_vomiting,0.09683581327791191
436,186,nausea_vomiting,0.44874181733939544
437,187,nausea_vomiting,0.7566667349158522
438,188,nausea_vomiting,1.1599540266927022
439,189,nausea_vomiting,0.07809556026586702
440,190,nausea_vomiting,0.5284201055445624
441,191,nausea_vomiting,0.19266520529449221
442,192,nausea_vomiting,0.30215133132541694
443,193,nausea_vomiting,0.23382940438151723
444,194,nausea_vomiting,0.14254698357527837
445,195,nausea_vomiting,0.9618088249260639
446,196,nausea_vomiting,0.527465047243973
447,197,nausea_vomiting,0.9666600490515814
448,198,nausea_vomiting,0.35540859772688843
449,199,nausea_vomiting,0.5275821055190527
450,200,nausea_vomiting,0.1362515123827535
451,201,nausea_vomiting,0.7472412120277472
452,202,nausea_vomiting,0.9989856641867587
453,203,nausea_vomiting,0.815530761748501
454,204,nausea_vomiting,0.650190759735386
455,205,nausea_vomiting,0.43172290289218146
456,206,nausea_vomiting,0.13517578738829913
457,207,nausea_vomiting,0.06992141201309572
458,208,nausea_vomiting,0.6910661262518049
459,209,nausea_vomiting,0.42250620050603543
460,210,nausea_vomiting,1.6949406469656716
461,211,nausea_vomiting,1.5870145786726106
462,212,nausea_vomiting,0.1815570298742822
463,213,nausea_vomiting,0.1335582057368163
464,214,nausea_vomiting,0.5236302017235284
465,215,nausea_vomiting,0.5953396167443618
466,216,nausea_vomiting,0.8740695239521294
467,217,nausea_vomiting,0.057200167424289454
468,218,nausea_vomiting,0.13990182316963268
469,219,nausea_vomiting,0.7097397612271328
470,220,nausea_vomiting,0.44499207261139556
471,221,nausea_vomiting,0.4043896788416758
472,222,nausea_vomiting,0.002283742743585406
473,223,nausea_vomiting,0.03177107805883467
474,224,nausea_vomiting,0.980589779985081
475,225,nausea_vomiting,0.8216213813643058
476,226,nausea_vomiting,0.11313921355687727
477,227,nausea_vomiting,0.3237161991939367
478,228,nausea_vomiting,0.24186866603653787
479,229,nausea_vomiting,0.4371668506459857
480,230,nausea_vomiting,0.09680706455459218
481,231,nausea_vomiting,0.19242567721964499
482,232,nausea_vomiting,0.372724136042367
483,233,nausea_vomiting,1.188438302567537
484,234,nausea_vomiting,1.673745656571034
485,235,nausea_vomiting,0.3277538501700639
486,236,nausea_vomiting,1.946062554465058
487,237,nausea_vomiting,1.3144850248984947
488,238,nausea_vomiting,0.4077322791508062
489,239,nausea_vomiting,0.899158226481863
490,240,nausea_vomiting,0.23700725587017032
491,241,nausea_vomiting,0.8331397779492122
492,242,nausea_vomiting,0.3612147511487641
493,243,nausea_vomiting,0.7877397446842522
494,244,nausea_vomiting,1.5496695014204938
495,245,nausea_vomiting,1.7134633504437429
496,246,nausea_vomiting,0.3851496999704598
497,247,nausea_vomiting,0.3169767984432829
498,248,nausea_vomiting,1.5064412264868299
499,249,nausea_vomiting,0.4712833288469752
500,0,headache,0.09612713605993228
501,1,headache,0.7096049545928667
502,2,headache,0.720110553417225
503,3,headache,0.22492873577037523
504,4,headache,0.2882945449027188
505,5,headache,0.4529323024687927
506,6,headache,0.866720385435048
507,7,headache,0.14061950871278503
508,8,headache,1.4602064685255247
509,9,headache,0.2759754788199038
510,10,headache,0.8001441112815156
511,11,headache,0.3716257105870647
512,12,headache,0.45936804788147045
513,13,headache,1.0126058067695203
514,14,headache,0.5817454748085569
515,15,headache,0.5309809440263198
516,16,headache,0.605538793714134
517,17,headache,0.1908902477920942
518,18,headache,0.860020295430265
519,19,headache,0.5557138728336996
520,20,headache,0.4017550147908468
521,21,headache,0.483938047575397
522,22,headache,0.2216520139041371
523,23,headache,0.35163296817064055
524,24,headache,0.58842774862304
525,25,headache,0.7521201302038731
526,26,headache,0.4606844677482912
527,27,headache,0.8299659514392287
528,28,headache,0.28842756316496476
529,29,headache,0.19952011197084532
530,30,headache,0.012467822011983416
531,31,headache,0.7313068798185726
532,32,headache,0.4114549174592924
533,33,headache,0.9235121591120106
534,34,headache,0.4064611506512
535,35,headache,0.3439527595905332
536,36,headache,0.9239808955689933
537,37,headache,0.6134236424879408
538,38,headache,0.31040281983997164
539,39,headache,0.18549308597271558
540,40,headache,0.341614438537801
541,41,headache,1.0295610724344681
542,42,headache,0.6793192398569162
543,43,headache,0.5238889254488132
544,44,headache,0.3258482413662079
545,45,headache,0.8569280595846319
546,46,headache,0.2844602002306991
547,47,headache,0.1762926823740677
548,48,headache,0.189130879659905
549,49,headache,0.6423263334239375
550,50,headache,0.22652268758474234
551,51,headache,0.2099513462013603
552,52,headache,0.4147355821064969
553,53,headache,0.18828497105771738
554,54,headache,0.9764786897243127
555,55,headache,0.49525888147763253
556,56,headache,0.5419395294642061
557,57,headache,0.8153870093797901
558,58,headache,0.9920537213347493
559,59,headache,0.5190206084320618
560,60,headache,0.6910160915482163
561,61,headache,0.3650184009388434
562,62,headache,0.10967914772147473
563,63,headache,0.46507217554998576
564,64,headache,0.8471682569920579
565,65,headache,0.8817519233644268
566,66,headache,0.4957956850303319
567,67,headache,0.05326781446314676
568,68,headache,0.5914210422967001
569,69,headache,0.7333194615578412
570,70,headache,0.5568368100936217
571,71,headache,0.4519615501429573
572,72,headache,0.4700265755233799
573,73,headache,0.13674839484830426
574,74,headache,0.15869879734842102
575,75,headache,0.3727269573414908
576,76,headache,0.283048497620754
577,77,headache,0.5240143310807789
578,78,headache,1.0831182191389161
579,79,headache,0.4455198097961211
580,80,headache,0.7039388610418901
581,81,headache,0.5793967487943722
582,82,headache,0.26087046370761385
583,83,headache,0.16658208814147116
584,84,headache,0.6225363687271076
585,85,headache,0.1458866330925466
586,86,headache,0.2631224302608862
587,87,headache,0.7354931623038928
588,88,headache,1.0491910483794908
589,89,headache,0.913683044083645
590,90,headache,0.8107886131295883
591,91,headache,0.599459484562916
592,92,headache,0.6274490898988236
593,93,headache,1.0495509166977361
594,94,headache,0.38430553764694264
595,95,headache,0.2690773722126198
596,96,headache,0.7710878135254634
597,97,headache,0.4510317447795194
598,98,headache,0.5473184226229217
599,99,headache,0.9701235876490346
600,100,headache,0.5617740001637931
601,101,headache,0.42561158677751304
602,102,headache,0.55373162245083
603,103,headache,0.7824825952036083
604,104,headache,0.5673254460862192
605,105,headache,0.5253730454781312
606,106,headache,0.6604968748415927
607,107,headache,0.5321703064562384
608,108,headache,0.6275680667817228
609,109,headache,0.554046847144411
610,110,headache,0.6561464269333416
611,111,headache,0.059151537340633456
612,112,headache,0.35290064044892977
613,113,headache,0.46092394362064076
614,114,headache,0.4073804869566677
615,115,headache,0.8381430352833192
616,116,headache,0.792147287600892
617,117,headache,0.12301235320920419
618,118,headache,0.510117702502526
619,119,headache,0.2582062222390137
620,120,headache,0.23841684239568617
621,121,headache,0.5646647980869921
622,122,headache,1.0202562701544529
623,123,headache,0.20015207973824822
624,124,headache,0.22418028888636096
625,125,headache,1.0589942280519027
626,126,headache,0.32122787464066627
627,127,headache,1.2766910788648134
628,128,headache,0.13032930176547772
629,129,headache,0.7194159909645791
630,130,headache,0.2934192613538068
631,131,headache,0.7616318816372942
632,132,headache,0.05402398318163805
633,133,headache,0.08688293349949414
634,134,headache,0.17718859146727003
635,135,headache,0.21835214834662706
636,136,headache,1.1613863442724006
637,137,headache,0.20499454285403215
638,138,headache,1.217791755648333
639,139,headache,0.3954932141024873
640,140,headache,0.07981170767853656
641,141,headache,0.5712493901289636
642,142,headache,0.5074130383042876
643,143,headache,0.4196200138643727
644,144,headache,0.4891038376684628
645,145,headache,0.8758143194758208
646,146,headache,0.331979863458826
647,147,headache,0.7446545745230525
648,148,headache,0.49880083919700324
649,149,headache,1.005898584609955
650,150,headache,1.4036737054554482
651,151,headache,0.11703282214438751
652,152,headache,0.5209362116408761
653,153,headache,0.7354352615693304
654,154,headache,0.1851095171056802
655,155,headache,0.5659003099866565
656,156,headache,0.5597309639810158
657,157,headache,0.19510630402254903
658,158,headache,0.13612253450026948
659,159,headache,0.8432081705566724
660,160,headache,0.6534106002562696
661,161,headache,0.5043967688507435
662,162,headache,0.48493243807448944
663,163,headache,0.05787020462837588
664,164,headache,0.5909449268810792
665,165,headache,0.46033958263671426
666,166,headache,0.556177252969441
667,167,headache,0.18629702336674697
668,168,headache,0.602685582169402
669,169,headache,0.45951240359956064
670,170,headache,0.592438297707114
671,171,headache,0.3068369368337101
672,172,headache,0.06343430056802171
673,173,headache,0.9102783767408404
674,174,headache,0.3482372803407161
675,175,headache,0.4063996291535377
676,176,headache,0.5805680124207989
677,177,headache,0.6857864470898716
678,178,headache,0.6541336192558479
679,179,headache,0.03352284283809998
680,180,headache,0.41544911008833446
681,181,headache,0.7088666395048443
682,182,headache,0.9292438728837005
683,183,headache,0.3938882169650781
684,184,headache,0.07461802534214111
685,185,headache,0.40958509999845527
686,186,headache,0.44907483103706436
687,187,headache,0.4057252115186459
688,188,headache,1.0336998306793492
689,189,headache,0.6628617070183304
690,190,headache,0.31852753836490516
691,191,headache,0.4720060816604869
692,192,headache,0.6519650441470836
693,193,headache,0.5077714038387101
694,194,headache,0.1257500882352425
695,195,headache,0.5278615230786856
696,196,headache,0.1536193725339741
697,197,headache,0.9068543098955295
698,198,headache,0.20167515782734916
699,199,headache,0.43612603699244673
700,200,headache,0.7835475560057538
701,201,headache,0.13122654060541328
702,202,headache,0.40024826052004464
703,203,headache,0.615476686485694
704,204,headache,0.5012562857222382
705,205,headache,0.4873848991165857
706,206,headache,0.5825836541436252
707,207,headache,0.6282325595425736
708,208,headache,0.38239105150009656
709,209,headache,0.3036332550083687
710,210,headache,0.9772378239172139
711,211,headache,0.39461345099789735
712,212,headache,1.2067035614558173
713,213,headache,0.5378661491772753
714,214,headache,0.7463902028784044
715,215,headache,0.21475777306516683
716,216,headache,0.2613707258132182
717,217,headache,0.42449995237807425
718,218,headache,0.7844941975110576
719,219,headache,0.7823360091564463
720,220,headache,0.3287057055770099
721,221,headache,0.20127032063189965
722,222,headache,0.2909954852192693
723,223,headache,0.2956354980088184
724,224,headache,1.1095436604654259
725,225,headache,0.6831020736201057
726,226,headache,0.3797161751804943
727,227,headache,0.25466644648525044
728,228,headache,0.22105945607537636
729,229,headache,0.35653362850374437
730,230,headache,0.8375175574713825
731,231,headache,0.7738223323164464
732,232,headache,0.3099294617166995
733,233,headache,0.230728432757791
734,234,headache,0.7953683761175102
735,235,headache,0.5586680622790654
736,236,headache,0.25854272512349713
737,237,headache,0.7641705007681893
738,238,headache,0.5109667376942625
739,239,headache,0.8310019038634042
740,240,headache,0.9744421156457929
741,241,headache,0.6926194486419354
742,242,headache,0.6563577527926255
743,243,headache,0.5043124241043054
744,244,headache,0.3304641918001798
745,245,headache,0.5776928430606931
746,246,headache,0.26158895008170824
747,247,headache,0.8526410116154896
748,248,headache,0.6166728654161041
749,249,headache,0.3906237464301382
750,0,leukopaenia,0.23411511708993582
751,1,leukopaenia,1.5110363136872829
752,2,leukopaenia,0.062473548498954805
753,3,leukopaenia,0.3749076848385354
754,4,leukopaenia,0.004952448308034006
755,5,leukopaenia,0.09781234322125153
756,6,leukopaenia,0.053387017076241466
757,7,leukopaenia,0.003670983174482097
758,8,leukopaenia,0.0004572769526250035
759,9,leukopaenia,0.15115186674159894
760,10,leukopaenia,0.05281115385286799
761,11,leukopaenia,0.13904478178982518
762,12,leukopaenia,0.0008747964976127605
763,13,leukopaenia,0.07488473209912469
764,14,leukopaenia,0.12231408555550621
765,15,leukopaenia,1.2297560276241721
766,16,leukopaenia,0.09061512112367984
767,17,leukopaenia,0.1876959369262445
768,18,leukopaenia,0.04285717489443469
769,19,leukopaenia,0.2563035737614147
770,20,leukopaenia,0.15214917859534596
771,21,leukopaenia,0.0750415084450007
772,22,leukopaenia,0.04641351369010095
773,23,leukopaenia,0.09050923009797147
774,24,leukopaenia,0.02368637110584536
775,25,leukopaenia,0.40855956815734606
776,26,leukopaenia,0.08541739460323566
777,27,leukopaenia,1.3820937477496849
778,28,leukopaenia,0.09027110321852379
779,29,leukopaenia,0.04383406377880536
780,30,leukopaenia,0.0049523398726489904
781,31,leukopaenia,0.05448309611426066
782,32,leukopaenia,0.044304199068692006
783,33,leukopaenia,0.01617106865319159
784,34,leukopaenia,0.011651082574266038
785,35,leukopaenia,0.04567058367662055
786,36,leukopaenia,0.10119399292965475
787,37,leukopaenia,0.2916677882544745
788,38,leukopaenia,5.013308183251515e-05
789,39,leukopaenia,1.1529119380814723
790,40,leukopaenia,0.22989582733396063
791,41,leukopaenia,0.48185431130996437
792,42,leukopaenia,0.00017527023257300043
793,43,leukopaenia,0.020104491255649216
794,44,leukopaenia,0.20461388990191148
795,45,leukopaenia,0.004157439462244557
796,46,leukopaenia,0.5535584651277784
797,47,leukopaenia,0.08811264012613967
798,48,leukopaenia,0.1566622493556305
799,49,leukopaenia,0.18404646259964408
800,50,leukopaenia,0.03369512530279224
801,51,leukopaenia,0.16419394882234398
802,52,leukopaenia,0.025093555775784416
803,53,leukopaenia,0.007070135803774619
804,54,leukopaenia,0.021876419080251827
805,55,leukopaenia,6.740661872923306e-05
806,56,leukopaenia,8.264335795693636e-05
807,57,leukopaenia,0.017463718114350543
808,58,leukopaenia,0.5587202143282907
809,59,leukopaenia,1.0179885878965658
810,60,leukopaenia,0.06745676546237082
811,61,leukopaenia,0.009045148393707413
812,62,leukopaenia,0.11208668930258658
813,63,leukopaenia,0.06470878135138335
814,64,leukopaenia,0.0030797434542497917
815,65,leukopaenia,0.1403129734860454
816,66,leukopaenia,0.15313432612604871
817,67,leukopaenia,0.3626403379409295
818,68,leukopaenia,0.8546765899801105
819,69,leukopaenia,0.00014313602945438265
820,70,leukopaenia,0.2999486311374294
821,71,leukopaenia,0.006509440351481159
822,72,leukopaenia,0.04820179891522024
823,73,leukopaenia,0.03201549441368342
824,74,leukopaenia,0.6414463387752867
825,75,leukopaenia,1.0191823151182793
826,76,leukopaenia,8.700869456795688e-08
827,77,leukopaenia,7.656795029849498e-05
828,78,leukopaenia,0.0017342467370067745
829,79,leukopaenia,0.4939538413468147
830,80,leukopaenia,0.09882343253907244
831,81,leukopaenia,0.22798262718167345
832,82,leukopaenia,0.0001878718319666047
833,83,leukopaenia,0.7174356756276422
834,84,leukopaenia,0.0463228256430806
835,85,leukopaenia,2.02722296107992e-05
836,86,leukopaenia,0.6218707267610313
837,87,leukopaenia,0.34771998091666445
838,88,leukopaenia,0.027939698733280234
839,89,leukopaenia,1.1279534888989
840,90,leukopaenia,0.21382499945343422
841,91,leukopaenia,0.011175452975803076
842,92,leukopaenia,0.19946434277885722
843,93,leukopaenia,0.11064832193302482
844,94,leukopaenia,0.00154692405553626
845,95,leukopaenia,0.3306334463839438
846,96,leukopaenia,0.0012951344977722825
847,97,leukopaenia,0.01718326731193216
848,98,leukopaenia,0.03895003295019614
849,99,leukopaenia,0.0001396792014680515
850,100,leukopaenia,0.05731590196065579
851,101,leukopaenia,0.03924562537267202
852,102,leukopaenia,0.0007069875122723325
853,103,leukopaenia,0.008584855495413725
854,104,leukopaenia,0.07222046759473415
855,105,leukopaenia,0.0013429785616752097
856,106,leukopaenia,0.14233890086208997
857,107,leukopaenia,0.2303711355875196
858,108,leukopaenia,0.07744148155612662
859,109,leukopaenia,0.17012380976781039
860,110,leukopaenia,0.279546403679024
861,111,leukopaenia,8.092834617125163e-05
862,112,leukopaenia,0.2527793206822623
863,113,leukopaenia,0.04319851825763341
864,114,leukopaenia,1.5001606338768014
865,115,leukopaenia,0.026608029281645598
866,116,leukopaenia,0.053938375193085746
867,117,leukopaenia,0.0047367486015450835
868,118,leukopaenia,0.563477114111556
869,119,leukopaenia,0.22210879363980493
870,120,leukopaenia,0.05873923305043143
871,121,leukopaenia,0.09440756788981745
872,122,leukopaenia,0.8649314650574728
873,123,leukopaenia,5.954535787507261e-05
874,124,leukopaenia,0.7379150844096661
875,125,leukopaenia,0.0014176375662751138
876,126,leukopaenia,0.0003951492741591826
877,127,leukopaenia,0.034196085472177444
878,128,leukopaenia,0.026903814328122055
879,129,leukopaenia,0.2638467787149724
880,130,leukopaenia,0.0009425794103057232
881,131,leukopaenia,0.00011834078262866169
882,132,leukopaenia,0.0062229428718686905
883,133,leukopaenia,0.8425091491075003
884,134,leukopaenia,1.7528623213092466e-06
885,135,leukopaenia,0.06312698062936632
886,136,leukopaenia,0.33419691595888756
887,137,leukopaenia,0.06591825934503957
888,138,leukopaenia,0.1839811513078451
889,139,leukopaenia,0.002779850986951361
890,140,leukopaenia,0.25118049096903045
891,141,leukopaenia,0.03476476288686133
892,142,leukopaenia,1.6369667142060622
893,143,leukopaenia,0.05824497090410339
894,144,leukopaenia,0.026062509214498975
895,145,leukopaenia,0.017057094118342293
896,146,leukopaenia,0.19036218875154237
897,147,leukopaenia,0.04305161335577181
898,148,leukopaenia,0.3025082198582228
899,149,leukopaenia,0.0019354439265951763
900,150,leukopaenia,0.11376851722648196
901,151,leukopaenia,0.0023072593600702517
902,152,leukopaenia,0.013933305970025478
903,153,leukopaenia,0.017889443493059154
904,154,leukopaenia,0.008962792158162071
905,155,leukopaenia,0.04332258903061944
906,156,leukopaenia,0.034424964219989695
907,157,leukopaenia,1.6260521515410096
908,158,leukopaenia,0.017210249443232392
909,159,leukopaenia,0.5057840198719519
910,160,leukopaenia,0.003420059460595962
911,161,leukopaenia,0.012889300325676555
912,162,leukopaenia,0.027889131348499036
913,163,leukopaenia,0.06312357452117505
914,164,leukopaenia,0.0011070255053578825
915,165,leukopaenia,0.4400240804271005
916,166,leukopaenia,0.7639296676920703
917,167,leukopaenia,1.1621596941607932
918,168,leukopaenia,9.459525412711407e-05
919,169,leukopaenia,0.005808718008299434
920,170,leukopaenia,0.9102386932578167
921,171,leukopaenia,0.04884437956102275
922,172,leukopaenia,0.052418292604697006
923,173,leukopaenia,0.10419611999247198
924,174,leukopaenia,0.008904310917446954
925,175,leukopaenia,0.004190475037151386
926,176,leukopaenia,0.02107947639301259
927,177,leukopaenia,1.1953452813298697
928,178,leukopaenia,0.003211260115054317
929,179,leukopaenia,0.11308674432830053
930,180,leukopaenia,0.03984235970054823
931,181,leukopaenia,0.038257316184814726
932,182,leukopaenia,0.0002542200532866342
933,183,leukopaenia,1.1269751499205098
934,184,leukopaenia,0.0035548517233450084
935,185,leukopaenia,0.00241220863200701
936,186,leukopaenia,0.03769755776135082
937,187,leukopaenia,0.7537624828109047
938,188,leukopaenia,0.02843966030476662
939,189,leukopaenia,0.2751237741616923
940,190,leukopaenia,0.011098912507029948
941,191,leukopaenia,0.20832161885075795
942,192,leukopaenia,0.10466237616062275
943,193,leukopaenia,0.03919912772609701
944,194,leukopaenia,0.1278852263681423
945,195,leukopaenia,0.10249162494683273
946,196,leukopaenia,0.013847610901982508
947,197,leukopaenia,0.638866409054994
948,198,leukopaenia,0.04241917363224175
949,199,leukopaenia,0.0004308569259882868
950,200,leukopaenia,0.0008055953192352505
951,201,leukopaenia,0.04165948907186233
952,202,leukopaenia,0.0014746452493980483
953,203,leukopaenia,0.19170799108772535
954,204,leukopaenia,0.007277924515806221
955,205,leukopaenia,0.10741750114293902
956,206,leukopaenia,0.0002682108656407843
957,207,leukopaenia,0.050480610766042405
958,208,leukopaenia,0.65408826657116
959,209,leukopaenia,0.024345749124885983
960,210,leukopaenia,0.15898998757822577
961,211,leukopaenia,0.032360354451251794
962,212,leukopaenia,0.021167150337123217
963,213,leukopaenia,0.031196571967760756
964,214,leukopaenia,0.2685764999869639
965,215,leukopaenia,0.12734023871492026
966,216,leukopaenia,0.011243505103536312
967,217,leukopaenia,0.7021561714768224
968,218,leukopaenia,1.6749413595690883
969,219,leukopaenia,0.0899175150667729
970,220,leukopaenia,0.27881741263364473
971,221,leukopaenia,0.40085768939748745
972,222,leukopaenia,0.01791869822406552
973,223,leukopaenia,0.07758679652003264
974,224,leukopaenia,0.0007572995853283171
975,225,leukopaenia,0.011496252043802805
976,226,leukopaenia,0.013697476727383055
977,227,leukopaenia,0.040049966942584156
978,228,leukopaenia,0.08528418556123568
979,229,leukopaenia,0.14321852527707488
980,230,leukopaenia,0.855878466935454
981,231,leukopaenia,0.044578023649116075
982,232,leukopaenia,0.006287079828571795
983,233,leukopaenia,0.05374128336267675
984,234,leukopaenia,0.15292344319806825
985,235,leukopaenia,0.0064100886413062125
986,236,leukopaenia,0.025289426375398966
987,237,leukopaenia,0.00018747184350703097
988,238,leukopaenia,0.011908333765029077
989,239,leukopaenia,7.666669294819776e-06
990,240,leukopaenia,0.05638785658692308
991,241,leukopaenia,0.017085586633558976
992,242,leukopaenia,0.08344978492277558
993,243,leukopaenia,0.43827208775957277
994,244,leukopaenia,0.3153725794441325
995,245,leukopaenia,0.671694724873205
996,246,leukopaenia,0.0602732518238302
997,247,leukopaenia,0.03777254138516933
998,248,leukopaenia,0.23920634024216547
999,249,leukopaenia,0.9128658452810982
1000,0,encephalopathy,0.08105642156988298
1001,1,encephalopathy,0.1476435213180868
1002,2,encephalopathy,0.08153154542085203
1003,3,encephalopathy,0.2949837966490524
1004,4,encephalopathy,0.13540136283017726
1005,5,encephalopathy,0.08376886463439943
1006,6,encephalopathy,0.18802022745943814
1007,7,encephalopathy,0.16614965472702806
1008,8,encephalopathy,0.23155179276871657
1009,9,encephalopathy,0.16987626971677863
1010,10,encephalopathy,0.16469905041361563
1011,11,encephalopathy,0.017029087473765945
1012,12,encephalopathy,0.2348835638486647
1013,13,encephalopathy,0.0969596043021826
1014,14,encephalopathy,0.24609007640878305
1015,15,encephalopathy,0.22153575315887997
1016,16,encephalopathy,0.22507150290947267
1017,17,encephalopathy,0.08615757329546556
1018,18,encephalopathy,0.2842084743365908
1019,19,encephalopathy,0.15045813157193139
1020,20,encephalopathy,0.28829155392124933
1021,21,encephalopathy,0.08629369982871365
1022,22,encephalopathy,0.16069542166738082
1023,23,encephalopathy,0.2252743860097727
1024,24,encephalopathy,0.022765934301684776
1025,25,encephalopathy,0.09432777119658528
1026,26,encephalopathy,0.1660297729030028
1027,27,encephalopathy,0.04357154193756689
1028,28,encephalopathy,0.14576639617786377
1029,29,encephalopathy,0.2144198875080843
1030,30,encephalopathy,0.25416085716912795
1031,31,encephalopathy,0.10148746981934409
1032,32,encephalopathy,0.0010537374237694185
1033,33,encephalopathy,0.2287510894346131
1034,34,encephalopathy,0.14618505203101625
1035,35,encephalopathy,0.05363683780751609
1036,36,encephalopathy,0.18951209971534466
1037,37,encephalopathy,0.15734263092624245
1038,38,encephalopathy,0.25193739348643673
1039,39,encephalopathy,0.16664021200242551
1040,40,encephalopathy,0.2893074337816405
1041,41,encephalopathy,0.11404604762041039
1042,42,encephalopathy,0.10978766424805866
1043,43,encephalopathy,0.2921476494284562
1044,44,encephalopathy,0.23993042177575544
1045,45,encephalopathy,0.156471179151312
1046,46,encephalopathy,0.046309881572890337
1047,47,encephalopathy,0.0183060375920388
1048,48,encephalopathy,0.1655906040200946
1049,49,encephalopathy,0.27203917244395975
1050,50,encephalopathy,0.08896026476194313
1051,51,encephalopathy,0.04225255241779257
1052,52,encephalopathy,0.06877710319014795
1053,53,encephalopathy,0.021626333567591548
1054,54,encephalopathy,0.11463802686230468
1055,55,encephalopathy,0.06638815509713665
1056,56,encephalopathy,0.08436118554512154
1057,57,encephalopathy,0.12020785553137951
1058,58,encephalopathy,0.058442098740376106
1059,59,encephalopathy,0.22701105528395624
1060,60,encephalopathy,0.1022017326904538
1061,61,encephalopathy,0.29245609804618106
1062,62,encephalopathy,0.18365836461957502
1063,63,encephalopathy,0.10023443296757041
1064,64,encephalopathy,0.15447854937928
1065,65,encephalopathy,0.20989073100869504
1066,66,encephalopathy,0.25136982505675975
1067,67,encephalopathy,0.2877156758668418
1068,68,encephalopathy,0.17566640197973976
1069,69,encephalopathy,0.23435433448197734
1070,70,encephalopathy,0.257283969402839
1071,71,encephalopathy,0.2519237755347105
1072,72,encephalopathy,0.2321646006080826
1073,73,encephalopathy,0.219932187962962
1074,74,encephalopathy,0.06533824256684787
1075,75,encephalopathy,0.09510790671711836
1076,76,encephalopathy,0.04870655791394458
1077,77,encephalopathy,0.23397823661050496
1078,78,encephalopathy,0.23195806447081613
1079,79,encephalopathy,0.08991539257923647
1080,80,encephalopathy,0.05945775592663861
1081,81,encephalopathy,0.23505114045983574
1082,82,encephalopathy,0.05628639953683636
1083,83,encephalopathy,0.13834060657879618
1084,84,encephalopathy,0.24377816788298176
1085,85,encephalopathy,0.36587886435319295
1086,86,encephalopathy,0.3113117524554541
1087,87,encephalopathy,0.5643271586163866
1088,88,encephalopathy,0.5310338304097766
1089,89,encephalopathy,0.761237297235749
1090,90,encephalopathy,1.1777229119244317
1091,91,encephalopathy,1.182258852944978
1092,92,encephalopathy,1.3880657431404742
1093,93,encephalopathy,1.6530139762175022
1094,94,encephalopathy,2.064343239702588
1095,95,encephalopathy,2.433343126134096
1096,96,encephalopathy,2.5133341550224504
1097,97,encephalopathy,2.8063188748539902
1098,98,encephalopathy,2.7125072315650365
1099,99,encephalopathy,2.918346080111904
1100,100,encephalopathy,2.92419074881239
1101,101,encephalopathy,2.624859760934062
1102,102,encephalopathy,2.6350777616889576
1103,103,encephalopathy,2.1757494705048415
1104,104,encephalopathy,2.0973429343114676
1105,105,encephalopathy,1.8061494861904333
1106,106,encephalopathy,1.4122624918743867
1107,107,encephalopathy,1.3314816406491896
1108,108,encephalopathy,0.9865037960065375
1109,109,encephalopathy,0.6868026767395923
1110,110,encephalopathy,0.5954571835363696
1111,111,encephalopathy,0.6177024316801556
1112,112,encephalopathy,0.2956068468488777
1113,113,encephalopathy,0.36772923957655734
1114,114,encephalopathy,0.3800592621416175
1115,115,encephalopathy,0.35616207231112573
1116,116,encephalopathy,0.23629756525230244
1117,117,encephalopathy,0.3007491656623987
1118,118,encephalopathy,0.3018390726590483
1119,119,encephalopathy,0.11158123457289425
1120,120,encephalopathy,0.24241738944786503
1121,121,encephalopathy,0.1512999580698582
1122,122,encephalopathy,0.04804454422681424
1123,123,encephalopathy,0.028001273118468093
1124,124,encephalopathy,0.15166108981603746
1125,125,encephalopathy,0.050964450043417014
1126,126,encephalopathy,0.292955312838323
1127,127,encephalopathy,0.23792573504842113
1128,128,encephalopathy,0.13404861580248426
1129,129,encephalopathy,0.2446761902540073
1130,130,encephalopathy,0.05288355104947974
1131,131,encephalopathy,0.22962096778407345
1132,132,encephalopathy,0.23757857074055397
1133,133,encephalopathy,0.12361733163111627
1134,134,encephalopathy,0.15899755757665313
1135,135,encephalopathy,0.21570821562616987
1136,136,encephalopathy,0.2351856132103066
1137,137,encephalopathy,0.297890668212849
1138,138,encephalopathy,0.04390604412283054
1139,139,encephalopathy,0.27962786840959164
1140,140,encephalopathy,0.06511853097517956
1141,141,encephalopathy,0.097810154004108
1142,142,encephalopathy,0.1966880741144222
1143,143,encephalopathy,0.11346320867106277
1144,144,encephalopathy,0.04608796288791921
1145,145,encephalopathy,0.21787797867064987
1146,146,encephalopathy,0.23462865557340984
1147,147,encephalopathy,0.013797832133528183
1148,148,encephalopathy,0.27500086780991956
1149,149,encephalopathy,0.2795934145722509
1150,150,encephalopathy,0.007331572584621438
1151,151,encephalopathy,0.23822212384529973
1152,152,encephalopathy,0.19264047438351006
1153,153,encephalopathy,0.2906891751794579
1154,154,encephalopathy,0.06106024403981236
1155,155,encephalopathy,0.056942476451133844
1156,156,encephalopathy,0.2413777841998791
1157,157,encephalopathy,0.27603917913779097
1158,158,encephalopathy,0.23736814540642218
1159,159,encephalopathy,0.21456139332273183
1160,160,encephalopathy,0.18468249327356037
1161,161,encephalopathy,0.003960297341097074
1162,162,encephalopathy,0.15303253166664296
1163,163,encephalopathy,0.2303934679193774
1164,164,encephalopathy,0.21548706329505765
1165,165,encephalopathy,0.1230459580831366
1166,166,encephalopathy,0.0071181868318672455
1167,167,encephalopathy,0.14071857941759025
1168,168,encephalopathy,0.21377728597209153
1169,169,encephalopathy,0.09296575856997222
1170,170,encephalopathy,0.015300025333284216
1171,171,encephalopathy,0.17804800358337833
1172,172,encephalopathy,0.2977312689557167
1173,173,encephalopathy,0.005569046638395092
1174,174,encephalopathy,0.09679099008040379
1175,175,encephalopathy,0.15686900496123563
1176,176,encephalopathy,0.0845808502689082
1177,177,encephalopathy,0.28917097477991627
1178,178,encephalopathy,0.2984444970360233
1179,179,encephalopathy,0.006077365328119066
1180,180,encephalopathy,0.2637708795365968
1181,181,encephalopathy,0.14297872326920838
1182,182,encephalopathy,0.2874385840575373
1183,183,encephalopathy,0.2944341074479772
1184,184,encephalopathy,0.057640050122412634
1185,185,encephalopathy,0.2726894574312786
1186,186,encephalopathy,0.03242529623980548
1187,187,encephalopathy,0.022485793684433996
1188,188,encephalopathy,0.2901731223066046
1189,189,encephalopathy,0.2258469885695507
1190,190,encephalopathy,0.1298589741948368
1191,191,encephalopathy,0.15290217574152376
1192,192,encephalopathy,0.11083452579154575
1193,193,encephalopathy,0.12657605083764775
1194,194,encephalopathy,0.23936751758010158
1195,195,encephalopathy,0.19168185285144868
1196,196,encephalopathy,0.011523482664111328
1197,197,encephalopathy,0.23754296786809043
1198,198,encephalopathy,0.24648950550673718
1199,199,encephalopathy,0.2667134534121088
1200,200,encephalopathy,0.21293609805987523
1201,201,encephalopathy,0.15702795866879024
1202,202,encephalopathy,0.29087384332100763
1203,203,encephalopathy,0.23602206810311344
1204,204,encephalopathy,0.09120299524566264
1205,205,encephalopathy,0.060557509111082264
1206,206,encephalopathy,0.18827997446793301
1207,207,encephalopathy,0.12516080063990057
1208,208,encephalopathy,0.21347118173072277
1209,209,encephalopathy,0.1969558558844312
1210,210,encephalopathy,0.1296894732659129
1211,211,encephalopathy,0.24738869750469597
1212,212,encephalopathy,0.19844683403031896
1213,213,encephalopathy,0.2462964596541286
1214,214,encephalopathy,0.27920412539732625
1215,215,encephalopathy,0.11111199843980472
1216,216,encephalopathy,0.2503569409067604
1217,217,encephalopathy,0.08945215765299978
1218,218,encephalopathy,0.028291957606764204
1219,219,encephalopathy,0.2625357434056619
1220,220,encephalopathy,0.19706834437965873
1221,221,encephalopathy,0.17071704455622083
1222,222,encephalopathy,0.029679709924792207
1223,223,encephalopathy,0.22337772469933348
1224,224,encephalopathy,0.10620541907698147
1225,225,encephalopathy,0.015825627129354567
1226,226,encephalopathy,0.2036287366366502
1227,227,encephalopathy,0.09959740968234672
1228,228,encephalopathy,0.04483167884489283
1229,229,encephalopathy,0.028798359651260118
1230,230,encephalopathy,0.03541118318568306
1231,231,encephalopathy,0.2365707071594975
1232,232,encephalopathy,0.22856845520372424
1233,233,encephalopathy,0.038650524424923095
1234,234,encephalopathy,0.2547632629345924
1235,235,encephalopathy,0.027099569168925895
1236,236,encephalopathy,0.015385993132343533
1237,237,encephalopathy,0.1833186521786819
1238,238,encephalopathy,0.23173941072936313
1239,239,encephalopathy,0.08518602800480621
1240,240,encephalopathy,0.24895219716563702
1241,241,encephalopathy,0.2688213338205462
1242,242,encephalopathy,0.059725054472147175
1243,243,encephalopathy,0.07243383744262079
1244,244,encephalopathy,0.09522357502054717
1245,245,encephalopathy,0.06714672996256853
1246,246,encephalopathy,0.00684602345640447
1247,247,encephalopathy,0.2974517893139902
1248,248,encephalopathy,0.0037947865248062593
1249,249,encephalopathy,0.2694182663305065
