Source;Date;Mean
GCAG;1905-09-01;-0.22390000000000002
GCAG;1889-07-01;-0.16040000000000001
GISTEMP;1882-12-01;-0.25
GISTEMP;1975-11-01;-0.16
GCAG;1950-01-01;-0.2777
GCAG;1976-05-01;-0.1228
GCAG;1928-05-01;-0.18660000000000002
GCAG;1895-09-01;-0.13290000000000002
GCAG;1891-07-01;-0.22640000000000002
GISTEMP;1996-04-01;0.38
GCAG;1963-05-01;0.013000000000000001
GISTEMP;1956-03-01;-0.23
GISTEMP;1966-01-01;-0.16
GCAG;1947-07-01;-0.013800000000000002
GISTEMP;1923-08-01;-0.30000000000000004
GCAG;1892-07-01;-0.3497
GCAG;2014-04-01;0.8006000000000001
GISTEMP;2004-07-01;0.26
GCAG;1985-11-01;0.11810000000000001
GCAG;1938-10-01;0.0724
GCAG;1910-03-01;-0.4202
GISTEMP;2005-12-01;0.68
GISTEMP;1925-08-01;-0.19
GISTEMP;1911-06-01;-0.47000000000000003
GISTEMP;1910-07-01;-0.31
GCAG;1882-11-01;-0.1279
GCAG;1984-01-01;0.2831
GISTEMP;1970-01-01;0.09
GISTEMP;1960-03-01;-0.36
GCAG;1927-01-01;-0.1723
GCAG;1896-12-01;0.049
GCAG;1997-12-01;0.6302
GCAG;1990-12-01;0.4481
GISTEMP;1937-09-01;0.14
GCAG;1931-11-01;-0.1139
GCAG;1924-07-01;-0.22160000000000002
GCAG;1920-07-01;-0.2436
GCAG;1905-01-01;-0.354
GISTEMP;1884-11-01;-0.30000000000000004
GISTEMP;1971-04-01;-0.09
GCAG;1960-10-01;0.039
GCAG;1958-01-01;0.2964
GCAG;1920-08-01;-0.2306
GISTEMP;1893-09-01;-0.18
GISTEMP;1986-12-01;0.16
GCAG;1983-11-01;0.4313
GISTEMP;1980-12-01;0.21
GCAG;1995-01-01;0.5487000000000001
GCAG;1964-11-01;-0.20170000000000002
GISTEMP;1960-01-01;-0.01
GCAG;1927-08-01;-0.1145
GISTEMP;1883-06-01;-0.13
GCAG;1893-07-01;-0.2018
GCAG;1956-06-01;-0.1437
GCAG;1997-07-01;0.5101
GISTEMP;1982-09-01;0.15
GISTEMP;1982-04-01;0.1
GCAG;1980-08-01;0.1957
GCAG;1975-08-01;-0.0671
GCAG;1969-09-01;0.0843
GCAG;1956-11-01;-0.1564
GCAG;1951-01-01;-0.2903
GISTEMP;1946-10-01;-0.06
GCAG;2010-04-01;0.8287
GCAG;1943-08-01;0.09920000000000001
GCAG;1932-11-01;-0.1945
GISTEMP;1973-11-01;0.06
GCAG;1967-07-01;-0.0177
GISTEMP;1964-01-01;-0.06
GISTEMP;1957-04-01;-0.04
GISTEMP;1924-07-01;-0.27
GCAG;1972-07-01;0.0639
GCAG;1948-08-01;-0.028200000000000003
GCAG;1923-02-01;-0.3785
GCAG;1955-03-01;-0.30910000000000004
GCAG;1944-08-01;0.28040000000000004
GCAG;1902-04-01;-0.2697
GISTEMP;1887-11-01;-0.25
GISTEMP;1909-02-01;-0.47000000000000003
GCAG;1884-11-01;-0.2692
GCAG;1980-05-01;0.316
GCAG;1974-09-01;-0.042800000000000005
GISTEMP;1962-04-01;0.05
GISTEMP;1924-11-01;-0.23
GCAG;1963-12-01;0.08120000000000001
GCAG;1996-03-01;0.3242
GISTEMP;1975-12-01;-0.17
GCAG;1974-05-01;-0.0246
GISTEMP;1973-02-01;0.30000000000000004
GISTEMP;1901-02-01;-0.05
GISTEMP;2010-05-01;0.75
GCAG;1985-06-01;0.129
GISTEMP;1967-04-01;-0.05
GCAG;1957-01-01;-0.1178
GCAG;2016-06-01;0.9006000000000001
GCAG;1999-09-01;0.3976
GCAG;1958-11-01;0.0896
GISTEMP;1926-10-01;-0.11
GCAG;1884-08-01;-0.26980000000000004
GCAG;2003-02-01;0.5626
GISTEMP;1937-11-01;0.09
GCAG;2005-04-01;0.7314
GCAG;1990-03-01;0.7328
GCAG;1955-12-01;-0.2706
GCAG;1955-06-01;-0.0695
GISTEMP;1924-02-01;-0.27
GCAG;1886-11-01;-0.1952
GCAG;1990-01-01;0.3613
GISTEMP;1980-04-01;0.32
GCAG;1944-02-01;0.3032
GISTEMP;2007-09-01;0.64
GISTEMP;1966-04-01;-0.13
GCAG;1937-12-01;-0.09190000000000001
GCAG;1937-01-01;-0.16840000000000002
GCAG;1931-08-01;0.0047
GCAG;1921-07-01;-0.11230000000000001
GCAG;1918-11-01;-0.1154
GCAG;1917-03-01;-0.4287
GCAG;1889-10-01;-0.1913
GISTEMP;1880-04-01;-0.27
GCAG;2015-01-01;0.8141
GISTEMP;1991-06-01;0.54
GISTEMP;1969-02-01;-0.14
GISTEMP;1959-09-01;-0.06
GISTEMP;1946-06-01;-0.17
GCAG;1895-06-01;-0.2938
GCAG;1891-05-01;-0.1374
GCAG;1937-06-01;0.0126
GCAG;1928-11-01;-0.0679
GCAG;1920-04-01;-0.20980000000000001
GCAG;1989-11-01;0.2541
GCAG;1987-07-01;0.4182
GCAG;1940-10-01;0.0993
GCAG;1939-03-01;-0.1897
GCAG;1935-06-01;-0.1706
GCAG;1927-10-01;0.014
GCAG;1913-11-01;-0.1371
GISTEMP;1913-06-01;-0.46
GISTEMP;1928-02-01;-0.12
GISTEMP;1909-10-01;-0.39
GCAG;1891-11-01;-0.39680000000000004
GCAG;2007-01-01;0.8839
GCAG;1977-08-01;0.1418
GISTEMP;1961-01-01;0.07
GISTEMP;1950-12-01;-0.2
GCAG;1935-11-01;-0.2707
GCAG;1924-05-01;-0.1903
GISTEMP;1916-10-01;-0.28
GISTEMP;1904-09-01;-0.47000000000000003
GCAG;1951-11-01;0.026000000000000002
GCAG;1939-06-01;-0.0077
GCAG;1903-08-01;-0.42960000000000004
GISTEMP;1968-04-01;-0.05
GCAG;1945-05-01;0.1761
GISTEMP;1944-07-01;0.23
GISTEMP;1941-07-01;0.15
GCAG;1933-03-01;-0.24760000000000001
GCAG;1901-10-01;-0.2786
GCAG;1964-01-01;0.0488
GCAG;1921-01-01;-0.059800000000000006
GCAG;1911-05-01;-0.47750000000000004
GISTEMP;1892-12-01;-0.29
GCAG;1887-10-01;-0.2995
GISTEMP;1883-08-01;-0.14
GCAG;2016-10-01;0.7292000000000001
GISTEMP;1978-04-01;0.15
GCAG;1996-07-01;0.32380000000000003
GISTEMP;1983-02-01;0.4
GCAG;2013-12-01;0.6981
GISTEMP;2002-06-01;0.54
GCAG;2001-03-01;0.6293000000000001
GISTEMP;1919-11-01;-0.29
GISTEMP;1903-02-01;-0.06
GISTEMP;2010-01-01;0.73
GISTEMP;1998-03-01;0.63
GISTEMP;1978-07-01;0.07
GCAG;1970-08-01;-0.0198
GISTEMP;1885-02-01;-0.30000000000000004
GISTEMP;1882-10-01;-0.23
GCAG;1998-02-01;0.866
GISTEMP;1980-07-01;0.28
GISTEMP;1957-06-01;0.16
GISTEMP;1936-06-01;-0.19
GCAG;1962-03-01;0.1197
GISTEMP;1947-08-01;-0.08
GCAG;1890-05-01;-0.38920000000000005
GCAG;2001-04-01;0.5666
GCAG;1941-06-01;0.16140000000000002
GCAG;1928-02-01;-0.145
GISTEMP;1953-06-01;0.08
GCAG;1944-10-01;0.323
GCAG;1903-09-01;-0.37560000000000004
GISTEMP;1901-05-01;-0.18
GCAG;2011-05-01;0.5741
GISTEMP;2014-10-01;0.85
GISTEMP;1997-11-01;0.66
GISTEMP;1987-10-01;0.32
GCAG;1972-09-01;0.0207
GCAG;1944-09-01;0.3855
GCAG;1906-09-01;-0.3053
GCAG;1970-05-01;0.0414
GISTEMP;1964-04-01;-0.30000000000000004
GISTEMP;1997-06-01;0.55
GISTEMP;1976-01-01;0.0
GCAG;1959-05-01;0.0263
GCAG;1956-08-01;-0.18660000000000002
GCAG;1937-11-01;0.0099
GISTEMP;1938-08-01;-0.04
GCAG;1910-08-01;-0.3325
GISTEMP;1907-09-01;-0.32
GISTEMP;1983-06-01;0.18
GISTEMP;1956-12-01;-0.1
GISTEMP;1955-12-01;-0.32
GCAG;1906-07-01;-0.2467
GISTEMP;2008-07-01;0.6000000000000001
GISTEMP;1927-10-01;-0.01
GISTEMP;1907-06-01;-0.43
GISTEMP;1995-02-01;0.77
GISTEMP;1953-03-01;0.11
GISTEMP;1919-01-01;-0.21
GISTEMP;1976-10-01;-0.26
GCAG;1969-01-01;-0.1295
GISTEMP;1939-10-01;-0.03
GISTEMP;1917-08-01;-0.26
GISTEMP;1912-10-01;-0.55
GISTEMP;1920-04-01;-0.26
GCAG;1885-06-01;-0.3052
GISTEMP;1964-09-01;-0.28
GISTEMP;1990-11-01;0.46
GISTEMP;1914-12-01;-0.1
GISTEMP;1884-12-01;-0.30000000000000004
GCAG;2016-09-01;0.8767
GCAG;1995-05-01;0.3537
GCAG;1987-06-01;0.3013
GISTEMP;1976-03-01;-0.21
GISTEMP;1967-02-01;-0.2
GISTEMP;1937-07-01;-0.05
GISTEMP;1997-09-01;0.56
GISTEMP;1990-08-01;0.30000000000000004
GISTEMP;1937-10-01;0.1
GISTEMP;1925-11-01;0.03
GISTEMP;2010-03-01;0.92
GCAG;1982-09-01;0.233
GCAG;1986-09-01;0.1716
GISTEMP;1982-01-01;0.09
GISTEMP;1981-06-01;0.31
GCAG;1949-10-01;-0.0297
GCAG;1889-01-01;-0.0944
GCAG;2014-03-01;0.7695000000000001
GISTEMP;1895-09-01;-0.02
GISTEMP;1936-08-01;-0.12
GISTEMP;2000-02-01;0.58
GCAG;1983-02-01;0.4834
GISTEMP;1980-09-01;0.21
GCAG;2001-02-01;0.3946
GCAG;1977-04-01;0.28200000000000003
GCAG;1933-04-01;-0.2044
GISTEMP;1971-02-01;-0.2
GISTEMP;1949-07-01;-0.13
GCAG;1941-05-01;0.2446
GISTEMP;1925-02-01;-0.35000000000000003
GISTEMP;1906-01-01;-0.31
GISTEMP;2013-08-01;0.66
GISTEMP;1995-11-01;0.45
GCAG;1991-03-01;0.3658
GCAG;2015-06-01;0.8835000000000001
GISTEMP;1998-06-01;0.78
GCAG;1918-08-01;-0.1777
GCAG;1907-07-01;-0.3547
GISTEMP;1907-03-01;-0.25
GISTEMP;1881-05-01;-0.04
GISTEMP;1986-10-01;0.14
GCAG;1970-01-01;0.12140000000000001
GISTEMP;1989-05-01;0.17
GISTEMP;1984-02-01;0.17
GISTEMP;1963-10-01;0.15
GCAG;1952-06-01;0.0396
GCAG;1946-11-01;-0.0119
GCAG;1909-05-01;-0.45120000000000005
GCAG;1881-04-01;0.0734
GISTEMP;2014-09-01;0.9
GISTEMP;1951-08-01;0.05
GCAG;1896-08-01;-0.0723
GISTEMP;1884-10-01;-0.22
GCAG;1980-04-01;0.30820000000000003
GISTEMP;1921-04-01;-0.36
GCAG;1905-05-01;-0.2879
GCAG;1881-01-01;-0.0205
GISTEMP;1995-10-01;0.49
GISTEMP;1957-08-01;0.14
GCAG;1923-11-01;0.0285
GISTEMP;1908-08-01;-0.45
GISTEMP;1906-03-01;-0.15
GCAG;1979-10-01;0.29450000000000004
GISTEMP;1937-06-01;-0.08
GISTEMP;1933-06-01;-0.32
GISTEMP;1896-03-01;-0.29
GCAG;1888-08-01;-0.1633
GISTEMP;1952-07-01;0.05
GISTEMP;1945-12-01;-0.1
GISTEMP;2009-08-01;0.66
GCAG;2005-09-01;0.6867000000000001
GISTEMP;2001-03-01;0.58
GISTEMP;1961-02-01;0.18
GISTEMP;1931-11-01;-0.12
GCAG;1883-07-01;-0.0849
GCAG;1897-05-01;-0.0256
GCAG;2004-06-01;0.4707
GISTEMP;1939-11-01;0.06
GISTEMP;1927-12-01;-0.36
GISTEMP;1918-04-01;-0.4
GCAG;1890-03-01;-0.3189
GCAG;1930-11-01;0.1368
GCAG;1920-02-01;-0.2197
GCAG;1910-04-01;-0.339
GCAG;1886-03-01;-0.2823
GISTEMP;1991-01-01;0.42
GISTEMP;1981-04-01;0.32
GCAG;1993-08-01;0.21180000000000002
GCAG;1990-11-01;0.4797
GCAG;1949-12-01;-0.1821
GCAG;1992-11-01;0.09430000000000001
GISTEMP;1991-03-01;0.36
GISTEMP;1960-04-01;-0.16
GCAG;1913-04-01;-0.3506
GCAG;1902-01-01;-0.08560000000000001
GCAG;1885-04-01;-0.2564
GCAG;2009-12-01;0.6176
GCAG;1983-05-01;0.2881
GISTEMP;1950-02-01;-0.26
GISTEMP;1936-02-01;-0.39
GISTEMP;2010-12-01;0.49
GISTEMP;1974-12-01;-0.09
GISTEMP;1939-03-01;-0.2
GCAG;1911-07-01;-0.46580000000000005
GISTEMP;1911-04-01;-0.55
GCAG;1900-02-01;-0.09340000000000001
GCAG;1908-07-01;-0.3874
GISTEMP;1903-01-01;-0.27
GCAG;1896-02-01;-0.0789
GCAG;1889-11-01;-0.27690000000000003
GISTEMP;1888-01-01;-0.43
GCAG;1880-05-01;-0.0738
GCAG;1997-03-01;0.4617
GCAG;1947-03-01;-0.0079
GISTEMP;1896-02-01;-0.15
GISTEMP;1892-02-01;-0.15
GCAG;1891-02-01;-0.5228
GCAG;1961-10-01;-0.035
GISTEMP;1958-11-01;0.02
GCAG;1919-12-01;-0.298
GCAG;1958-06-01;0.062400000000000004
GCAG;1908-11-01;-0.4833
GISTEMP;1895-08-01;-0.16
GISTEMP;1890-02-01;-0.48
GISTEMP;1888-12-01;-0.12
GISTEMP;1967-10-01;0.06
GISTEMP;1943-08-01;0.03
GCAG;1917-09-01;-0.0635
GISTEMP;1893-03-01;-0.24
GISTEMP;1881-11-01;-0.26
GISTEMP;1990-04-01;0.55
GISTEMP;1989-03-01;0.36
GISTEMP;1928-09-01;-0.2
GISTEMP;1914-07-01;-0.24
GISTEMP;2016-08-01;0.98
GCAG;1992-05-01;0.3276
GCAG;1983-08-01;0.32280000000000003
GISTEMP;1934-11-01;-0.01
GCAG;2008-09-01;0.5318
GISTEMP;1954-09-01;-0.07
GCAG;1952-05-01;0.034
GCAG;1940-04-01;0.12860000000000002
GCAG;1923-10-01;-0.16190000000000002
GISTEMP;1917-11-01;-0.29
GISTEMP;2010-10-01;0.71
GISTEMP;1957-01-01;-0.14
GCAG;1945-08-01;0.3546
GISTEMP;1909-09-01;-0.37
GCAG;1908-09-01;-0.39730000000000004
GCAG;1903-11-01;-0.395
GCAG;1892-05-01;-0.30810000000000004
GISTEMP;2014-12-01;0.79
GCAG;1976-04-01;-0.0223
GISTEMP;1951-04-01;-0.1
GISTEMP;1940-05-01;0.05
GISTEMP;1927-04-01;-0.31
GCAG;1902-12-01;-0.3592
GCAG;1880-11-01;-0.2672
GISTEMP;2011-12-01;0.54
GCAG;1978-12-01;0.1512
GISTEMP;1942-11-01;0.13
GCAG;1929-12-01;-0.5167
GCAG;1907-06-01;-0.37420000000000003
GCAG;1901-03-01;-0.0327
GCAG;1900-06-01;-0.045
GCAG;1950-08-01;-0.13820000000000002
GISTEMP;1948-02-01;-0.13
GISTEMP;1937-05-01;-0.07
GCAG;2006-12-01;0.7692
GISTEMP;1994-02-01;0.04
GISTEMP;1963-09-01;0.2
GCAG;1960-12-01;0.2278
GCAG;1950-10-01;-0.1661
GISTEMP;1916-06-01;-0.44
GCAG;1907-11-01;-0.5055000000000001
GCAG;1930-07-01;-0.0692
GISTEMP;2011-09-01;0.56
GCAG;2001-10-01;0.5006
GISTEMP;1981-10-01;0.13
GCAG;1969-04-01;0.1935
GCAG;2009-11-01;0.6716000000000001
GISTEMP;2008-09-01;0.65
GCAG;1984-10-01;0.1187
GCAG;1952-12-01;-0.008
GISTEMP;1926-08-01;-0.11
GISTEMP;1902-12-01;-0.46
GISTEMP;1989-12-01;0.37
GISTEMP;1970-08-01;-0.11
GISTEMP;1924-12-01;-0.43
GCAG;1993-03-01;0.4208
GISTEMP;1983-07-01;0.15
GCAG;1880-12-01;-0.0775
GISTEMP;2008-11-01;0.66
GCAG;1978-01-01;0.16060000000000002
GCAG;1953-12-01;0.0555
GCAG;1904-06-01;-0.4403
GCAG;1944-07-01;0.3145
GISTEMP;1882-07-01;-0.11
GCAG;2003-04-01;0.5601
GISTEMP;1978-06-01;-0.03
GCAG;1963-01-01;0.0376
GCAG;1956-01-01;-0.1773
GCAG;1974-10-01;-0.08310000000000001
GCAG;1931-01-01;-0.047
GCAG;1911-06-01;-0.44430000000000003
GCAG;1910-11-01;-0.49560000000000004
GISTEMP;1906-02-01;-0.34
GCAG;1995-10-01;0.43760000000000004
GCAG;1993-09-01;0.16920000000000002
GCAG;1983-07-01;0.26630000000000004
GISTEMP;1888-09-01;-0.07
GCAG;1932-12-01;-0.18610000000000002
GCAG;2000-03-01;0.5561
GCAG;1991-06-01;0.4813
GISTEMP;1967-11-01;-0.06
GCAG;1926-08-01;-0.0882
GISTEMP;1904-06-01;-0.49
GISTEMP;2005-09-01;0.78
GISTEMP;1960-11-01;-0.11
GISTEMP;1937-02-01;0.05
GCAG;1916-12-01;-0.5742
GCAG;1892-09-01;-0.21980000000000002
GISTEMP;2003-07-01;0.55
GCAG;1966-10-01;-0.0592
GCAG;1938-06-01;-0.09390000000000001
GCAG;1921-06-01;-0.1665
GISTEMP;1907-01-01;-0.44
GCAG;1890-04-01;-0.25880000000000003
GCAG;1889-03-01;0.1207
GISTEMP;2013-11-01;0.81
GCAG;1955-05-01;-0.1274
GCAG;1926-01-01;0.166
GISTEMP;1920-11-01;-0.33
GCAG;1913-10-01;-0.31120000000000003
GISTEMP;1898-01-01;-0.06
GCAG;1883-10-01;-0.1612
GCAG;1943-06-01;0.0245
GISTEMP;1942-04-01;0.14
GCAG;1981-01-01;0.4656
GISTEMP;1938-11-01;0.01
GCAG;1909-12-01;-0.4071
GISTEMP;1886-10-01;-0.25
GCAG;1988-09-01;0.3211
GISTEMP;1951-12-01;0.15
GCAG;1942-04-01;0.19
GISTEMP;1941-08-01;0.14
GISTEMP;1940-02-01;0.06
GISTEMP;1905-12-01;-0.21
GISTEMP;2008-02-01;0.36
GCAG;1995-02-01;0.6895
GISTEMP;1981-07-01;0.35000000000000003
GISTEMP;1905-02-01;-0.59
GCAG;1987-09-01;0.43210000000000004
GISTEMP;1968-07-01;-0.11
GCAG;1958-09-01;0.018600000000000002
GCAG;1929-03-01;-0.2654
GISTEMP;1960-05-01;-0.08
GCAG;1939-07-01;0.0061
GCAG;1920-05-01;-0.16820000000000002
GCAG;1904-03-01;-0.5129
GISTEMP;1930-07-01;-0.17
GCAG;2011-07-01;0.6282
GCAG;1990-09-01;0.3144
GCAG;1980-11-01;0.33190000000000003
GISTEMP;2009-02-01;0.53
GCAG;1969-11-01;0.18960000000000002
GCAG;1954-11-01;0.039
GCAG;1945-04-01;0.27640000000000003
GISTEMP;1927-11-01;-0.04
GISTEMP;1893-05-01;-0.35000000000000003
GCAG;2004-01-01;0.5979
GCAG;2001-11-01;0.6880000000000001
GCAG;1988-08-01;0.3199
GISTEMP;1974-01-01;-0.14
GISTEMP;1960-12-01;0.18
GCAG;1937-04-01;-0.1262
GCAG;2004-05-01;0.44420000000000004
GCAG;1995-04-01;0.4097
GCAG;1985-03-01;0.1875
GCAG;1975-02-01;0.032600000000000004
GISTEMP;1966-12-01;-0.06
GISTEMP;1955-05-01;-0.2
GCAG;1882-08-01;-0.0037
GISTEMP;1956-10-01;-0.24
GISTEMP;1955-09-01;-0.13
GCAG;1949-03-01;-0.0732
GISTEMP;1988-01-01;0.5700000000000001
GISTEMP;1980-08-01;0.24
GISTEMP;1993-12-01;0.19
GISTEMP;1885-08-01;-0.27
GCAG;2013-04-01;0.561
GISTEMP;1949-12-01;-0.19
GCAG;1925-01-01;-0.3246
GISTEMP;1922-03-01;-0.13
GCAG;1914-05-01;-0.1647
GISTEMP;1903-10-01;-0.42
GISTEMP;1995-04-01;0.47000000000000003
GISTEMP;1985-04-01;0.11
GCAG;2016-07-01;0.8687
GCAG;2015-09-01;0.926
GCAG;2003-08-01;0.6202000000000001
GCAG;1940-01-01;-0.1226
GCAG;2000-11-01;0.25570000000000004
GCAG;1986-10-01;0.2066
GISTEMP;1980-06-01;0.16
GCAG;1948-11-01;-0.056
GISTEMP;2016-06-01;0.76
GISTEMP;1965-03-01;-0.11
GCAG;1891-08-01;-0.2313
GISTEMP;1889-05-01;-0.03
GCAG;1882-02-01;0.0385
GCAG;2003-06-01;0.5381
GISTEMP;1972-02-01;-0.17
GISTEMP;1948-01-01;0.05
GISTEMP;1926-06-01;-0.25
GCAG;1913-09-01;-0.3562
GCAG;1927-06-01;-0.20140000000000002
GCAG;1907-08-01;-0.3378
GISTEMP;1890-07-01;-0.30000000000000004
GISTEMP;1979-11-01;0.29
GISTEMP;1976-08-01;-0.18
GCAG;1967-11-01;-0.0212
GISTEMP;1945-10-01;0.22
GCAG;1880-04-01;-0.0499
GCAG;1992-10-01;0.1154
GISTEMP;1979-03-01;0.19
GCAG;1978-10-01;0.0646
GCAG;2013-08-01;0.6605000000000001
GCAG;2003-12-01;0.7361000000000001
GISTEMP;1914-05-01;-0.19
GISTEMP;1941-03-01;0.06
GISTEMP;1932-11-01;-0.26
GCAG;1902-06-01;-0.33240000000000003
GISTEMP;1911-05-01;-0.51
GISTEMP;1991-05-01;0.39
GISTEMP;1972-10-01;0.09
GCAG;1965-10-01;0.0238
GCAG;1965-07-01;-0.08410000000000001
GCAG;1941-10-01;0.313
GISTEMP;1941-06-01;0.04
GCAG;1991-07-01;0.44620000000000004
GCAG;1977-09-01;0.1867
GISTEMP;1967-05-01;0.14
GISTEMP;1915-07-01;-0.03
GCAG;1903-04-01;-0.354
GCAG;1893-06-01;-0.24050000000000002
GISTEMP;2013-07-01;0.59
GISTEMP;1988-05-01;0.44
GISTEMP;1897-05-01;0.0
GCAG;1883-12-01;-0.0738
GCAG;1950-06-01;-0.055900000000000005
GISTEMP;1945-08-01;0.25
GISTEMP;1929-10-01;-0.15
GISTEMP;1891-04-01;-0.25
GCAG;1998-06-01;0.6657000000000001
GCAG;1992-12-01;0.2833
GCAG;2011-01-01;0.4706
GISTEMP;1964-12-01;-0.30000000000000004
GISTEMP;1935-08-01;-0.17
GISTEMP;1930-05-01;-0.25
GCAG;1919-11-01;-0.3178
GISTEMP;1891-12-01;-0.03
GISTEMP;2009-05-01;0.65
GCAG;2008-01-01;0.2746
GISTEMP;2007-01-01;0.96
GISTEMP;1969-12-01;0.27
GISTEMP;1933-10-01;-0.24
GCAG;1893-12-01;-0.2452
GCAG;1920-01-01;-0.11570000000000001
GISTEMP;2004-02-01;0.71
GCAG;1989-04-01;0.2891
GISTEMP;1963-05-01;-0.09
GCAG;1939-02-01;-0.11370000000000001
GCAG;1926-07-01;-0.1582
GCAG;1980-12-01;0.2674
GISTEMP;1979-08-01;0.14
GCAG;1959-08-01;0.0516
GCAG;1953-11-01;-0.0621
GCAG;1946-02-01;0.0888
GCAG;1905-08-01;-0.2275
GCAG;1978-07-01;0.0699
GCAG;1971-01-01;-0.0045000000000000005
GISTEMP;1886-12-01;-0.25
GCAG;2009-09-01;0.7083
GCAG;1889-12-01;-0.17500000000000002
GISTEMP;2008-12-01;0.54
GISTEMP;2002-04-01;0.58
GISTEMP;2000-08-01;0.43
GISTEMP;1992-04-01;0.24
GISTEMP;1992-03-01;0.47000000000000003
GISTEMP;1988-07-01;0.35000000000000003
GCAG;1905-02-01;-0.6187
GCAG;1937-09-01;0.1316
GISTEMP;1912-06-01;-0.26
GISTEMP;2007-10-01;0.6000000000000001
GISTEMP;1996-01-01;0.27
GCAG;1984-11-01;0.036500000000000005
GCAG;1911-10-01;-0.3433
GISTEMP;1954-01-01;-0.28
GCAG;1982-08-01;0.1406
GISTEMP;1885-09-01;-0.19
GISTEMP;1923-05-01;-0.33
GISTEMP;1900-04-01;-0.14
GISTEMP;1886-05-01;-0.27
GCAG;1885-01-01;-0.4267
GISTEMP;2016-09-01;0.87
GISTEMP;2002-01-01;0.75
GCAG;1996-12-01;0.38930000000000003
GCAG;1992-04-01;0.2936
GISTEMP;1961-05-01;0.13
GISTEMP;1925-10-01;-0.17
GISTEMP;1917-01-01;-0.46
GISTEMP;1897-09-01;-0.04
GISTEMP;2016-07-01;0.8300000000000001
GCAG;2009-03-01;0.5794
GISTEMP;1998-08-01;0.68
GISTEMP;1943-05-01;0.1
GCAG;1924-10-01;-0.2879
GISTEMP;1894-12-01;-0.22
GISTEMP;1986-03-01;0.29
GCAG;1972-03-01;0.0014
GCAG;1931-09-01;0.0035
GISTEMP;1887-08-01;-0.28
GCAG;1951-05-01;0.056900000000000006
GISTEMP;1905-07-01;-0.25
GCAG;1904-05-01;-0.4282
GCAG;1896-01-01;-0.1056
GCAG;1908-08-01;-0.4787
GCAG;1907-03-01;-0.276
GCAG;1893-01-01;-0.6796
GCAG;1960-11-01;-0.048400000000000006
GCAG;1917-01-01;-0.4299
GISTEMP;1916-02-01;-0.23
GCAG;1914-08-01;-0.1757
GCAG;1889-05-01;-0.032600000000000004
GISTEMP;2007-03-01;0.7000000000000001
GISTEMP;2006-09-01;0.64
GISTEMP;1996-02-01;0.5
GCAG;2010-03-01;0.847
GISTEMP;1997-12-01;0.6000000000000001
GISTEMP;1982-10-01;0.13
GCAG;1907-01-01;-0.3443
GCAG;1997-02-01;0.4288
GCAG;1977-07-01;0.17370000000000002
GCAG;1972-05-01;0.014700000000000001
GCAG;1969-07-01;0.09330000000000001
GISTEMP;1920-06-01;-0.33
GISTEMP;1906-04-01;-0.02
GISTEMP;1951-02-01;-0.44
GCAG;1910-02-01;-0.3627
GISTEMP;1955-06-01;-0.08
GCAG;1930-06-01;-0.1135
GISTEMP;1917-10-01;-0.35000000000000003
GISTEMP;1906-07-01;-0.27
GISTEMP;1902-05-01;-0.31
GCAG;1887-04-01;-0.1899
GCAG;1881-07-01;-0.0329
GISTEMP;2016-10-01;0.89
GISTEMP;1964-11-01;-0.21
GCAG;1959-12-01;-0.034300000000000004
GISTEMP;1953-07-01;0.02
GISTEMP;1884-03-01;-0.36
GISTEMP;2003-10-01;0.75
GISTEMP;1987-06-01;0.36
GISTEMP;1984-12-01;-0.06
GCAG;1967-09-01;-0.0317
GCAG;1985-10-01;0.1303
GCAG;1977-12-01;0.1124
GCAG;1971-08-01;-0.0688
GISTEMP;1968-06-01;-0.06
GCAG;1959-09-01;0.097
GISTEMP;1918-05-01;-0.37
GCAG;1899-09-01;-0.0307
GISTEMP;1896-04-01;-0.33
GCAG;1975-10-01;-0.1236
GISTEMP;1929-07-01;-0.33
GISTEMP;1897-07-01;-0.04
GISTEMP;1907-11-01;-0.51
GISTEMP;1883-01-01;-0.34
GISTEMP;1994-09-01;0.32
GCAG;1990-07-01;0.3453
GISTEMP;1957-05-01;0.08
GCAG;1940-11-01;0.1004
GISTEMP;1987-02-01;0.46
GCAG;1983-09-01;0.3175
GCAG;1958-07-01;0.0649
GCAG;1924-04-01;-0.2466
GISTEMP;1915-06-01;-0.16
GISTEMP;1907-08-01;-0.37
GCAG;1897-01-01;-0.1857
GCAG;1910-09-01;-0.3322
GCAG;1989-07-01;0.30160000000000003
GISTEMP;2001-10-01;0.52
GCAG;1965-09-01;-0.050300000000000004
GCAG;1901-11-01;-0.14250000000000002
GCAG;2006-10-01;0.6774
GISTEMP;1965-07-01;-0.12
GISTEMP;1922-12-01;-0.17
GCAG;1973-09-01;0.0563
GISTEMP;1939-06-01;-0.08
GCAG;1926-05-01;-0.1345
GISTEMP;1889-12-01;-0.31
GISTEMP;1999-12-01;0.46
GISTEMP;1981-01-01;0.56
GCAG;1975-06-01;0.0342
GCAG;1909-01-01;-0.5499
GCAG;1897-09-01;-0.0247
GISTEMP;1890-06-01;-0.27
GISTEMP;1949-05-01;-0.09
GISTEMP;1938-07-01;-0.09
GCAG;1886-12-01;-0.163
GISTEMP;2014-04-01;0.78
GCAG;1913-03-01;-0.4077
GISTEMP;1905-06-01;-0.31
GCAG;2014-08-01;0.7986000000000001
GISTEMP;1975-02-01;0.07
GCAG;1899-04-01;-0.19460000000000002
GCAG;1898-03-01;-0.6515000000000001
GCAG;1893-11-01;-0.16570000000000001
GISTEMP;1978-10-01;0.0
GISTEMP;1941-10-01;0.24
GISTEMP;2015-11-01;1.04
GISTEMP;1967-09-01;-0.04
GCAG;1961-11-01;0.016
GCAG;1988-11-01;0.2291
GCAG;2011-03-01;0.5915
GCAG;1993-07-01;0.2336
GISTEMP;1973-01-01;0.28
GISTEMP;1914-06-01;-0.22
GCAG;1884-05-01;-0.1282
GISTEMP;1985-12-01;0.15
GISTEMP;1963-11-01;0.15
GCAG;1933-10-01;-0.1879
GCAG;1958-08-01;0.0528
GCAG;1904-10-01;-0.4066
GISTEMP;2007-02-01;0.7000000000000001
GISTEMP;1946-11-01;-0.02
GISTEMP;1936-03-01;-0.23
GISTEMP;1966-05-01;-0.1
GISTEMP;1947-07-01;-0.06
GCAG;1910-01-01;-0.3035
GCAG;2007-08-01;0.5509000000000001
GISTEMP;1998-12-01;0.56
GISTEMP;1960-06-01;0.01
GCAG;1954-10-01;-0.0694
GISTEMP;1888-11-01;0.0
GISTEMP;1880-02-01;-0.21
GCAG;1927-11-01;-0.0397
GCAG;1919-02-01;-0.053
GISTEMP;1913-08-01;-0.32
GCAG;1896-06-01;-0.0925
GCAG;1887-06-01;-0.2149
GCAG;1936-01-01;-0.25470000000000004
GCAG;1915-11-01;-0.011600000000000001
GCAG;1899-07-01;-0.1259
GISTEMP;1890-09-01;-0.36
GCAG;2014-11-01;0.6895
GCAG;2006-04-01;0.5177
GISTEMP;1994-10-01;0.42
GCAG;1893-08-01;-0.3281
GISTEMP;1887-09-01;-0.19
GCAG;1993-05-01;0.3438
GCAG;1986-05-01;0.25070000000000003
GISTEMP;1933-03-01;-0.29
GCAG;1920-10-01;-0.2096
GCAG;2008-04-01;0.4827
GCAG;1983-03-01;0.42560000000000003
GCAG;1976-01-01;-0.0181
GCAG;1942-09-01;0.1179
GISTEMP;1930-02-01;-0.24
GCAG;1967-10-01;0.1288
GISTEMP;1965-05-01;-0.14
GISTEMP;1946-04-01;0.11
GISTEMP;1934-02-01;-0.04
GISTEMP;1915-01-01;-0.2
GCAG;2006-02-01;0.6221
GISTEMP;2012-05-01;0.76
GCAG;1886-08-01;-0.2146
GISTEMP;2012-01-01;0.46
GCAG;1979-06-01;0.21830000000000002
GISTEMP;1940-01-01;-0.15
GISTEMP;1912-11-01;-0.38
GCAG;1883-11-01;-0.1683
GCAG;1924-03-01;-0.113
GCAG;1892-06-01;-0.2831
GCAG;1890-01-01;-0.3594
GISTEMP;1886-01-01;-0.43
GCAG;2002-09-01;0.5661
GISTEMP;1976-12-01;0.09
GISTEMP;1935-05-01;-0.26
GCAG;1919-09-01;-0.18330000000000002
GCAG;1926-03-01;0.0756
GCAG;1887-05-01;-0.23900000000000002
GISTEMP;1885-03-01;-0.24
GISTEMP;1967-12-01;-0.02
GISTEMP;1962-08-01;-0.02
GCAG;2014-01-01;0.6936
GISTEMP;1909-05-01;-0.54
GISTEMP;1900-07-01;-0.09
GISTEMP;1893-11-01;-0.17
GCAG;1997-10-01;0.6487
GISTEMP;1983-05-01;0.35000000000000003
GCAG;1969-05-01;0.1756
GCAG;1887-08-01;-0.3148
GCAG;1886-07-01;-0.15990000000000001
GCAG;1881-08-01;-0.0519
GCAG;1942-10-01;0.1495
GISTEMP;1898-12-01;-0.22
GCAG;1887-02-01;-0.3745
GISTEMP;1971-01-01;-0.02
GCAG;1958-12-01;0.1452
GCAG;1919-01-01;-0.2424
GISTEMP;1910-04-01;-0.39
GCAG;1895-02-01;-0.4136
GISTEMP;2008-10-01;0.67
GISTEMP;2003-11-01;0.55
GCAG;1999-05-01;0.4086
GISTEMP;1940-08-01;0.01
GISTEMP;1916-12-01;-0.78
GISTEMP;2016-02-01;1.35
GCAG;2002-11-01;0.5918
GISTEMP;1987-11-01;0.25
GCAG;1981-10-01;0.16870000000000002
GISTEMP;1959-08-01;-0.01
GCAG;1987-01-01;0.3115
GCAG;1957-02-01;-0.11180000000000001
GCAG;1934-12-01;-0.0256
GCAG;1931-12-01;-0.1052
GCAG;1894-09-01;-0.2531
GCAG;2006-03-01;0.5931000000000001
GISTEMP;2004-03-01;0.64
GISTEMP;1983-09-01;0.38
GISTEMP;1941-05-01;0.1
GCAG;1936-04-01;-0.1789
GCAG;1932-01-01;0.1547
GISTEMP;1899-01-01;-0.18
GISTEMP;1939-12-01;0.4
GISTEMP;1927-05-01;-0.25
GCAG;2000-07-01;0.3919
GISTEMP;1992-06-01;0.24
GISTEMP;1990-03-01;0.76
GCAG;1948-04-01;-0.0646
GCAG;1883-01-01;-0.2707
GISTEMP;1916-11-01;-0.42
GISTEMP;1941-12-01;0.14
GISTEMP;1981-02-01;0.41000000000000003
GISTEMP;1977-12-01;0.05
GISTEMP;1975-08-01;-0.2
GISTEMP;1950-08-01;-0.18
GISTEMP;1942-12-01;0.12
GISTEMP;1938-04-01;0.05
GISTEMP;1903-06-01;-0.44
GCAG;1900-03-01;-0.0402
GCAG;1885-05-01;-0.2787
GISTEMP;1999-04-01;0.34
GISTEMP;1981-09-01;0.17
GISTEMP;1958-07-01;0.06
GCAG;1943-12-01;0.3539
GISTEMP;1936-09-01;-0.06
GISTEMP;1911-10-01;-0.26
GISTEMP;1919-06-01;-0.28
GISTEMP;2008-06-01;0.48
GISTEMP;1983-12-01;0.17
GCAG;1982-03-01;0.0833
GISTEMP;1929-11-01;-0.14
GCAG;1897-11-01;-0.2619
GISTEMP;1994-08-01;0.23
GISTEMP;1934-06-01;-0.14
GISTEMP;1970-10-01;0.05
GCAG;1959-06-01;0.0849
GISTEMP;1958-10-01;0.04
GISTEMP;1927-02-01;-0.21
GCAG;2001-05-01;0.5997
GISTEMP;1978-12-01;0.11
GCAG;1973-01-01;0.259
GCAG;1972-10-01;0.0891
GCAG;1936-11-01;-0.0275
GCAG;1913-07-01;-0.3534
GISTEMP;1904-05-01;-0.5
GCAG;1940-03-01;0.0671
GISTEMP;2003-09-01;0.66
GISTEMP;1981-08-01;0.35000000000000003
GISTEMP;1973-12-01;-0.06
GCAG;1898-08-01;-0.2306
GCAG;1897-03-01;-0.18630000000000002
GCAG;1880-08-01;-0.07250000000000001
GISTEMP;1954-06-01;-0.16
GCAG;1931-03-01;-0.0061
GISTEMP;1918-08-01;-0.26
GCAG;1903-01-01;-0.2101
GCAG;2015-04-01;0.7741
GISTEMP;2005-04-01;0.6900000000000001
GCAG;1982-06-01;0.1231
GCAG;1994-08-01;0.3119
GCAG;2015-12-01;1.1219000000000001
GISTEMP;1995-07-01;0.49
GCAG;1993-06-01;0.293
GCAG;1948-12-01;-0.1121
GISTEMP;2012-06-01;0.62
GISTEMP;1998-04-01;0.64
GISTEMP;1989-09-01;0.37
GCAG;1956-04-01;-0.2846
GISTEMP;1953-02-01;0.16
GCAG;1961-09-01;-0.0041
GCAG;1948-10-01;-0.065
GCAG;1928-08-01;-0.19970000000000002
GCAG;1966-09-01;0.0261
GISTEMP;2015-10-01;1.06
GCAG;1999-04-01;0.459
GCAG;1964-09-01;-0.2093
GCAG;1911-09-01;-0.39830000000000004
GCAG;1901-09-01;-0.2059
GCAG;2003-05-01;0.5954
GCAG;2001-01-01;0.47200000000000003
GISTEMP;1993-06-01;0.24
GCAG;1977-03-01;0.3109
GCAG;1970-03-01;0.0317
GCAG;1945-12-01;-0.0475
GISTEMP;1944-11-01;0.12
GISTEMP;1944-10-01;0.27
GISTEMP;1944-05-01;0.26
GISTEMP;1898-10-01;-0.32
GISTEMP;1956-07-01;-0.12
GCAG;1940-08-01;0.0902
GISTEMP;1932-06-01;-0.30000000000000004
GCAG;1923-09-01;-0.2454
GISTEMP;1922-06-01;-0.32
GCAG;1922-03-01;-0.0787
GCAG;1885-08-01;-0.24070000000000003
GCAG;1988-02-01;0.3901
GCAG;1942-05-01;0.1665
GCAG;1915-10-01;-0.17220000000000002
GCAG;1892-04-01;-0.32030000000000003
GISTEMP;1924-10-01;-0.36
GISTEMP;1910-12-01;-0.6900000000000001
GISTEMP;1909-08-01;-0.30000000000000004
GISTEMP;1969-11-01;0.12
GISTEMP;1954-04-01;-0.18
GISTEMP;1934-07-01;-0.11
GISTEMP;1913-01-01;-0.41000000000000003
GISTEMP;1904-12-01;-0.29
GISTEMP;1890-08-01;-0.36
GISTEMP;1995-01-01;0.5
GISTEMP;1994-03-01;0.26
GISTEMP;1983-11-01;0.30000000000000004
GISTEMP;1939-09-01;0.0
GCAG;1923-06-01;-0.1948
GISTEMP;1905-08-01;-0.21
GCAG;1902-08-01;-0.26430000000000003
GCAG;1882-05-01;-0.1459
GCAG;1999-07-01;0.40290000000000004
GCAG;1915-12-01;-0.050300000000000004
GISTEMP;1889-07-01;-0.05
GCAG;2014-02-01;0.48
GCAG;2013-09-01;0.6857000000000001
GCAG;2010-05-01;0.7582
GCAG;1883-09-01;-0.1467
GISTEMP;1961-03-01;0.09
GISTEMP;1939-08-01;-0.05
GISTEMP;1922-02-01;-0.44
GISTEMP;1889-04-01;0.04
GISTEMP;1883-10-01;-0.12
GCAG;1981-04-01;0.3579
GCAG;2003-07-01;0.5408000000000001
GCAG;1992-01-01;0.4721
GISTEMP;2004-10-01;0.66
GCAG;1984-04-01;0.15030000000000002
GISTEMP;1976-07-01;-0.12
GISTEMP;1993-05-01;0.26
GISTEMP;1965-02-01;-0.17
GCAG;1942-03-01;0.1771
GISTEMP;2007-04-01;0.76
GISTEMP;1991-04-01;0.53
GISTEMP;1949-10-01;-0.03
GISTEMP;1949-08-01;-0.08
GCAG;1938-09-01;0.029300000000000003
GISTEMP;1923-11-01;0.03
GISTEMP;1953-05-01;0.08
GISTEMP;1941-04-01;0.11
GISTEMP;1895-05-01;-0.23
GISTEMP;1887-12-01;-0.38
GISTEMP;2011-02-01;0.53
GCAG;1994-05-01;0.3819
GISTEMP;1993-09-01;0.11
GCAG;1980-07-01;0.2172
GISTEMP;1929-06-01;-0.43
GISTEMP;1911-02-01;-0.6000000000000001
GCAG;2000-09-01;0.4384
GCAG;1984-06-01;0.1306
GISTEMP;1968-03-01;0.21
GISTEMP;1912-09-01;-0.47000000000000003
GCAG;1906-11-01;-0.36760000000000004
GISTEMP;1898-03-01;-0.55
GCAG;1894-05-01;-0.3018
GCAG;1969-06-01;0.0766
GCAG;1955-02-01;-0.1303
GCAG;1991-01-01;0.45120000000000005
GISTEMP;1986-11-01;0.11
GISTEMP;2000-01-01;0.26
GISTEMP;1951-05-01;-0.02
GCAG;1930-02-01;-0.2
GCAG;1915-04-01;0.021500000000000002
GCAG;1898-09-01;-0.1968
GISTEMP;1892-04-01;-0.35000000000000003
GISTEMP;2004-11-01;0.72
GISTEMP;2001-08-01;0.49
GISTEMP;1941-02-01;0.23
GCAG;1937-07-01;-0.0004
GCAG;1897-02-01;-0.1086
GISTEMP;1975-04-01;0.06
GCAG;1917-12-01;-0.5329
GISTEMP;1908-02-01;-0.36
GCAG;1896-11-01;-0.16590000000000002
GISTEMP;1888-07-01;-0.1
GISTEMP;2000-10-01;0.30000000000000004
GISTEMP;1976-02-01;-0.06
GISTEMP;1956-01-01;-0.17
GCAG;1947-10-01;0.054900000000000004
GISTEMP;1923-10-01;-0.13
GCAG;1887-11-01;-0.1572
GISTEMP;1991-10-01;0.32
GCAG;1964-05-01;-0.098
GISTEMP;1927-03-01;-0.39
GCAG;1915-03-01;-0.10110000000000001
GCAG;2002-04-01;0.5725
GCAG;1958-03-01;0.11810000000000001
GCAG;1946-06-01;-0.10160000000000001
GISTEMP;1932-05-01;-0.22
GCAG;1919-04-01;-0.0704
GISTEMP;2011-11-01;0.56
GISTEMP;1881-06-01;-0.28
GISTEMP;2007-08-01;0.6000000000000001
GISTEMP;1989-01-01;0.16
GISTEMP;1985-10-01;0.11
GISTEMP;1977-03-01;0.25
GCAG;1957-03-01;-0.068
GISTEMP;1929-01-01;-0.47000000000000003
GCAG;1909-10-01;-0.3935
GISTEMP;1880-05-01;-0.14
GISTEMP;1996-09-01;0.27
GCAG;1961-12-01;-0.0171
GISTEMP;1958-06-01;-0.05
GCAG;1957-08-01;0.1302
GISTEMP;1926-11-01;-0.06
GISTEMP;1909-11-01;-0.31
GCAG;1948-02-01;-0.0906
GCAG;1915-08-01;-0.076
GCAG;1997-11-01;0.5865
GISTEMP;1995-09-01;0.34
GCAG;1986-01-01;0.3249
GCAG;1999-12-01;0.5779000000000001
GCAG;2012-02-01;0.42350000000000004
GISTEMP;2005-02-01;0.58
GCAG;1973-04-01;0.25020000000000003
GISTEMP;1972-07-01;0.02
GISTEMP;1966-06-01;0.02
GCAG;1921-04-01;-0.2059
GISTEMP;1902-07-01;-0.26
GCAG;1997-04-01;0.4551
GISTEMP;1963-04-01;-0.05
GCAG;1912-02-01;-0.1091
GCAG;1941-12-01;0.21080000000000002
GISTEMP;1936-10-01;-0.04
GISTEMP;1920-08-01;-0.29
GCAG;1987-02-01;0.5028
GISTEMP;1982-05-01;0.16
GISTEMP;1977-11-01;0.2
GCAG;1970-06-01;0.029500000000000002
GISTEMP;1961-09-01;0.05
GISTEMP;1939-02-01;-0.12
GISTEMP;1902-01-01;-0.19
GISTEMP;2016-04-01;1.09
GISTEMP;2002-12-01;0.43
GCAG;1988-03-01;0.4828
GCAG;1983-10-01;0.21130000000000002
GISTEMP;1973-10-01;0.12
GISTEMP;1932-12-01;-0.22
GCAG;1904-11-01;-0.1686
GCAG;1974-06-01;-0.0375
GCAG;1962-05-01;0.0589
GISTEMP;1921-02-01;-0.21
GCAG;1953-01-01;0.1037
GISTEMP;1883-05-01;-0.26
GCAG;2001-07-01;0.5586
GISTEMP;1961-08-01;0.02
GISTEMP;1959-03-01;0.19
GISTEMP;1950-06-01;-0.06
GCAG;1924-08-01;-0.28950000000000004
GCAG;1923-05-01;-0.24880000000000002
GISTEMP;1912-02-01;-0.13
GCAG;1930-09-01;-0.1043
GISTEMP;2001-12-01;0.55
GCAG;1980-10-01;0.1821
GCAG;1971-05-01;-0.08990000000000001
GCAG;1958-05-01;0.10070000000000001
GISTEMP;1953-09-01;0.06
GCAG;1963-09-01;0.16290000000000002
GCAG;1919-06-01;-0.2348
GISTEMP;1910-03-01;-0.47000000000000003
GCAG;1880-06-01;-0.16920000000000002
GCAG;1988-04-01;0.44260000000000005
GCAG;1981-06-01;0.2853
GCAG;1952-08-01;0.06470000000000001
GCAG;1944-06-01;0.33480000000000004
GISTEMP;1889-09-01;-0.18
GCAG;1982-12-01;0.4355
GISTEMP;1938-06-01;-0.17
GISTEMP;1924-01-01;-0.24
GISTEMP;1921-09-01;-0.16
GCAG;1901-06-01;-0.1273
GCAG;1896-04-01;-0.266
GISTEMP;1896-01-01;-0.23
GCAG;1895-04-01;-0.18680000000000002
GCAG;1894-03-01;-0.2064
GCAG;2002-12-01;0.43660000000000004
GCAG;1950-12-01;-0.181
GISTEMP;1946-03-01;0.0
GISTEMP;2016-05-01;0.93
GISTEMP;2011-10-01;0.66
GCAG;1929-11-01;-0.0971
GCAG;1911-03-01;-0.5697
GCAG;1910-06-01;-0.35250000000000004
GCAG;1900-09-01;-0.06
GISTEMP;1892-01-01;-0.26
GISTEMP;2013-02-01;0.55
GISTEMP;2003-02-01;0.55
GCAG;1978-03-01;0.2228
GISTEMP;1978-11-01;0.16
GISTEMP;1881-02-01;-0.14
GCAG;1943-04-01;0.1726
GISTEMP;1930-08-01;-0.11
GISTEMP;1908-07-01;-0.35000000000000003
GISTEMP;1903-03-01;-0.23
GISTEMP;1998-05-01;0.71
GCAG;1920-12-01;-0.3886
GISTEMP;1893-01-01;-0.6900000000000001
GISTEMP;1973-09-01;0.06
GCAG;1914-04-01;-0.24810000000000001
GCAG;1909-08-01;-0.3052
GISTEMP;1982-07-01;0.13
GISTEMP;2011-03-01;0.64
GCAG;1960-04-01;-0.0954
GISTEMP;1881-01-01;-0.1
GCAG;2014-06-01;0.7623000000000001
GCAG;1994-03-01;0.3568
GCAG;1967-03-01;0.0029000000000000002
GCAG;1913-12-01;-0.0374
GISTEMP;1905-09-01;-0.15
GISTEMP;1900-05-01;-0.06
GCAG;1975-09-01;0.017
GCAG;1913-01-01;-0.3513
GCAG;1979-03-01;0.243
GISTEMP;1974-05-01;-0.01
GISTEMP;1954-05-01;-0.2
GISTEMP;1922-07-01;-0.27
GISTEMP;1889-01-01;-0.21
GCAG;1888-12-01;0.044500000000000005
GISTEMP;1909-03-01;-0.52
GCAG;1904-01-01;-0.5416000000000001
GCAG;2009-04-01;0.6539
GISTEMP;1963-06-01;0.03
GISTEMP;1956-02-01;-0.25
GISTEMP;1952-11-01;-0.17
GISTEMP;1952-10-01;-0.04
GCAG;1962-06-01;0.0574
GCAG;1941-09-01;0.0881
GISTEMP;1928-08-01;-0.25
GISTEMP;1907-05-01;-0.46
GCAG;1899-10-01;-0.0241
GISTEMP;2016-11-01;0.93
GCAG;1948-07-01;-0.062200000000000005
GCAG;1916-03-01;-0.2944
GISTEMP;1894-10-01;-0.17
GCAG;1967-01-01;-0.1068
GCAG;1948-01-01;0.053500000000000006
GCAG;2006-11-01;0.6449
GCAG;1904-07-01;-0.4597
GISTEMP;1880-10-01;-0.16
GISTEMP;1957-03-01;-0.05
GCAG;1947-04-01;0.0143
GCAG;1921-09-01;-0.1481
GCAG;1920-06-01;-0.2559
GCAG;1915-07-01;-0.0284
GCAG;1906-03-01;-0.1484
GISTEMP;1918-06-01;-0.28
GISTEMP;1905-11-01;-0.08
GISTEMP;1903-12-01;-0.47000000000000003
GCAG;1901-04-01;-0.0646
GISTEMP;1884-09-01;-0.24
GCAG;2012-03-01;0.5218
GCAG;1957-06-01;0.1577
GISTEMP;1895-12-01;-0.12
GISTEMP;1969-10-01;0.11
GISTEMP;1948-03-01;-0.23
GISTEMP;1940-10-01;0.07
GCAG;1940-07-01;0.1459
GCAG;1892-11-01;-0.4728
GCAG;1884-02-01;-0.14300000000000002
GISTEMP;1937-01-01;-0.11
GISTEMP;1958-12-01;0.01
GISTEMP;1917-05-01;-0.48
GCAG;1947-06-01;0.020800000000000003
GCAG;1885-03-01;-0.14730000000000001
GCAG;1936-02-01;-0.31370000000000003
GISTEMP;1914-10-01;-0.05
GCAG;1906-06-01;-0.1768
GISTEMP;1900-03-01;0.02
GCAG;1892-10-01;-0.2464
GISTEMP;1990-12-01;0.42
GISTEMP;1979-06-01;0.14
GISTEMP;2010-06-01;0.64
GCAG;2008-07-01;0.5796
GCAG;1987-10-01;0.3347
GCAG;1946-01-01;0.2209
GISTEMP;1923-07-01;-0.29
GCAG;1881-02-01;-0.0296
GISTEMP;1946-02-01;0.06
GISTEMP;1940-03-01;0.12
GCAG;1936-08-01;-0.0557
GISTEMP;1883-07-01;-0.09
GISTEMP;1979-04-01;0.13
GISTEMP;2006-02-01;0.7000000000000001
GISTEMP;1961-11-01;0.03
GCAG;1936-12-01;-0.0193
GCAG;1930-10-01;-0.0011
GCAG;1918-05-01;-0.276
GCAG;1911-12-01;-0.2456
GCAG;1923-07-01;-0.28200000000000003
GCAG;1885-10-01;-0.12890000000000001
GCAG;1966-04-01;-0.0908
GCAG;2016-01-01;1.0569
GISTEMP;2004-05-01;0.42
GCAG;2015-10-01;0.9913000000000001
GCAG;1968-07-01;-0.019700000000000002
GCAG;1942-01-01;0.2983
GCAG;1938-11-01;0.0039000000000000003
GISTEMP;1900-09-01;0.01
GISTEMP;1994-12-01;0.36
GCAG;1954-06-01;-0.11610000000000001
GISTEMP;1920-03-01;-0.08
GISTEMP;1893-02-01;-0.51
GCAG;1890-09-01;-0.3508
GISTEMP;1938-12-01;-0.26
GISTEMP;1886-04-01;-0.29
GISTEMP;1994-11-01;0.46
GISTEMP;1994-01-01;0.30000000000000004
GCAG;1982-10-01;0.1771
GISTEMP;1976-09-01;-0.09
GCAG;1972-01-01;-0.24150000000000002
GCAG;2011-10-01;0.6349
GISTEMP;1999-09-01;0.43
GCAG;1998-12-01;0.5796
GCAG;1957-09-01;0.0748
GCAG;1894-07-01;-0.2738
GCAG;1890-06-01;-0.28750000000000003
GISTEMP;1886-11-01;-0.26
GCAG;1998-04-01;0.7358
GISTEMP;1993-11-01;0.07
GCAG;1990-05-01;0.4274
GCAG;1982-02-01;0.1593
GCAG;1976-11-01;-0.0432
GCAG;1951-12-01;0.21480000000000002
GISTEMP;1906-06-01;-0.22
GISTEMP;1889-03-01;0.04
GISTEMP;1990-09-01;0.30000000000000004
GISTEMP;1971-08-01;-0.03
GISTEMP;1962-01-01;0.08
GISTEMP;1957-07-01;0.01
GISTEMP;1923-02-01;-0.37
GISTEMP;1924-09-01;-0.30000000000000004
GCAG;1964-06-01;-0.0931
GCAG;2004-03-01;0.6964
GISTEMP;1931-01-01;-0.1
GISTEMP;1913-05-01;-0.45
GCAG;1902-02-01;-0.0409
GCAG;2010-07-01;0.7287
GISTEMP;1975-06-01;-0.02
GISTEMP;1958-02-01;0.24
GCAG;1934-06-01;-0.0025
GCAG;1930-05-01;-0.1976
GISTEMP;1883-03-01;-0.18
GISTEMP;1928-12-01;-0.2
GCAG;1927-03-01;-0.25630000000000003
GISTEMP;2005-03-01;0.6900000000000001
GCAG;1943-05-01;0.1326
GISTEMP;1940-06-01;0.05
GCAG;1938-01-01;-0.0378
GISTEMP;1885-01-01;-0.66
GCAG;1972-04-01;0.0357
GCAG;1943-02-01;0.1683
GISTEMP;1911-12-01;-0.25
GISTEMP;1899-12-01;-0.27
GCAG;1965-03-01;-0.1005
GCAG;1959-07-01;0.0671
GISTEMP;2015-08-01;0.78
GISTEMP;2002-07-01;0.62
GISTEMP;1961-04-01;0.15
GISTEMP;1952-03-01;-0.1
GISTEMP;1904-08-01;-0.43
GISTEMP;2008-04-01;0.53
GCAG;2007-12-01;0.4872
GCAG;1988-01-01;0.5487000000000001
GISTEMP;1987-01-01;0.36
GISTEMP;1952-09-01;0.08
GISTEMP;1998-10-01;0.47000000000000003
GCAG;1960-06-01;0.0772
GISTEMP;1931-12-01;-0.1
GISTEMP;1909-04-01;-0.59
GCAG;2007-03-01;0.6668000000000001
GCAG;1997-05-01;0.42350000000000004
GISTEMP;1948-05-01;0.08
GCAG;1945-09-01;0.25780000000000003
GCAG;1901-02-01;-0.0741
GCAG;1901-01-01;-0.1259
GISTEMP;1897-12-01;-0.26
GCAG;1881-03-01;0.034800000000000005
GCAG;1971-04-01;-0.12990000000000002
GCAG;1962-11-01;0.0745
GCAG;1912-04-01;-0.20270000000000002
GISTEMP;2013-01-01;0.68
GISTEMP;1984-08-01;0.15
GCAG;2006-09-01;0.6337
GISTEMP;1974-08-01;0.12
GCAG;1950-02-01;-0.2389
GISTEMP;1924-06-01;-0.28
GCAG;1916-07-01;-0.2889
GCAG;1908-05-01;-0.3982
GCAG;1895-08-01;-0.2243
GISTEMP;1892-06-01;-0.2
GCAG;1916-10-01;-0.2651
GISTEMP;1976-06-01;-0.15
GISTEMP;1965-11-01;-0.06
GCAG;1963-03-01;-0.0216
GISTEMP;1955-07-01;-0.09
GCAG;1941-03-01;0.1023
GISTEMP;1986-09-01;0.02
GISTEMP;1966-02-01;0.0
GCAG;1987-05-01;0.33390000000000003
GISTEMP;1921-10-01;-0.06
GCAG;1898-06-01;-0.2078
GCAG;1893-03-01;-0.2218
GISTEMP;2007-07-01;0.62
GISTEMP;1921-05-01;-0.36
GISTEMP;1901-08-01;-0.13
GISTEMP;1971-05-01;-0.06
GISTEMP;1942-01-01;0.26
GCAG;1919-05-01;-0.1837
GISTEMP;1880-09-01;-0.17
GCAG;1961-04-01;0.1335
GISTEMP;1959-11-01;-0.09
GCAG;1954-12-01;-0.1859
GCAG;1954-04-01;-0.1766
GCAG;1915-06-01;-0.0858
GCAG;1905-07-01;-0.1918
GISTEMP;1905-01-01;-0.38
GISTEMP;1902-02-01;-0.03
GISTEMP;1885-05-01;-0.42
GISTEMP;1997-04-01;0.38
GISTEMP;1996-08-01;0.49
GCAG;1938-04-01;0.042800000000000005
GCAG;1899-02-01;-0.2787
GCAG;1982-05-01;0.1923
GCAG;1917-07-01;-0.1721
GCAG;1880-09-01;-0.08170000000000001
GISTEMP;2012-03-01;0.58
GISTEMP;2002-02-01;0.76
GCAG;1988-12-01;0.36260000000000003
GCAG;1970-02-01;0.2353
GISTEMP;1944-09-01;0.31
GCAG;1895-03-01;-0.2879
GCAG;1970-04-01;0.131
GCAG;1944-01-01;0.42410000000000003
GCAG;1914-01-01;0.0961
GISTEMP;1904-02-01;-0.55
GISTEMP;1984-11-01;0.04
GCAG;1922-09-01;-0.2525
GISTEMP;1906-11-01;-0.38
GISTEMP;1887-02-01;-0.48
GISTEMP;1970-09-01;0.11
GCAG;1926-11-01;-0.0784
GCAG;1909-09-01;-0.36110000000000003
GISTEMP;1882-11-01;-0.21
GISTEMP;2011-01-01;0.51
GISTEMP;2010-02-01;0.78
GCAG;1972-06-01;0.0765
GISTEMP;1951-09-01;0.07
GCAG;1943-09-01;0.14250000000000002
GCAG;1902-07-01;-0.2902
GCAG;1896-09-01;-0.0679
GCAG;1893-05-01;-0.3421
GCAG;1976-10-01;-0.1821
GISTEMP;1959-06-01;0.02
GCAG;1958-02-01;0.21030000000000001
GCAG;1949-07-01;-0.077
GCAG;2007-05-01;0.609
GISTEMP;1972-08-01;0.18
GCAG;1945-07-01;0.1652
GCAG;1944-03-01;0.36760000000000004
GISTEMP;1927-07-01;-0.15
GCAG;1916-05-01;-0.2245
GISTEMP;1914-03-01;-0.23
GCAG;1890-07-01;-0.2802
GCAG;1973-02-01;0.37220000000000003
GISTEMP;1961-06-01;0.12
GISTEMP;1890-01-01;-0.48
GISTEMP;1923-06-01;-0.24
GCAG;1902-11-01;-0.343
GISTEMP;2003-01-01;0.73
GCAG;1980-03-01;0.2389
GISTEMP;2012-04-01;0.6900000000000001
GCAG;1972-02-01;-0.16240000000000002
GISTEMP;2010-11-01;0.79
GCAG;1925-12-01;0.1358
GISTEMP;1914-04-01;-0.28
GISTEMP;2013-09-01;0.78
GCAG;1938-12-01;-0.2541
GCAG;1937-03-01;-0.18230000000000002
GISTEMP;1929-05-01;-0.39
GISTEMP;1986-05-01;0.26
GCAG;1973-10-01;0.0446
GISTEMP;1969-08-01;0.03
GCAG;1922-11-01;-0.19290000000000002
GCAG;1989-02-01;0.30720000000000003
GCAG;1986-04-01;0.26130000000000003
GISTEMP;1943-03-01;0.01
GCAG;1898-10-01;-0.3234
GISTEMP;1897-11-01;-0.18
GCAG;2010-11-01;0.7682
GCAG;1962-02-01;0.1698
GCAG;1955-08-01;-0.0262
GCAG;1937-10-01;0.11370000000000001
GISTEMP;1923-04-01;-0.38
GCAG;1917-02-01;-0.4721
GCAG;1895-07-01;-0.201
GCAG;1888-06-01;-0.09430000000000001
GISTEMP;1952-01-01;0.16
GISTEMP;1945-09-01;0.22
GISTEMP;1933-11-01;-0.31
GCAG;1905-03-01;-0.394
GCAG;1922-02-01;-0.29450000000000004
GCAG;1899-03-01;-0.2549
GISTEMP;2007-06-01;0.58
GISTEMP;1973-05-01;0.26
GCAG;1897-10-01;-0.1608
GISTEMP;1978-03-01;0.21
GCAG;1976-07-01;-0.08460000000000001
GISTEMP;1966-09-01;-0.01
GISTEMP;1930-11-01;0.14
GCAG;1921-11-01;-0.1859
GCAG;1977-01-01;0.0639
GISTEMP;1959-02-01;0.09
GCAG;1947-08-01;-0.0623
GCAG;1993-04-01;0.3155
GISTEMP;1956-04-01;-0.26
GISTEMP;1928-04-01;-0.29
GCAG;1919-10-01;-0.22
GISTEMP;1889-10-01;-0.22
GISTEMP;1880-03-01;-0.18
GCAG;1954-03-01;-0.091
GCAG;1925-09-01;-0.10400000000000001
GCAG;1891-10-01;-0.2861
GISTEMP;1886-02-01;-0.46
GCAG;1999-10-01;0.3773
GCAG;1991-05-01;0.4107
GISTEMP;1984-01-01;0.30000000000000004
GISTEMP;2012-08-01;0.63
GISTEMP;1992-12-01;0.22
GISTEMP;1964-05-01;-0.25
GCAG;1951-06-01;0.0381
GISTEMP;1930-06-01;-0.19
GCAG;2013-10-01;0.6787000000000001
GISTEMP;1955-03-01;-0.36
GCAG;1943-10-01;0.3095
GCAG;1935-10-01;-0.013000000000000001
GCAG;1927-12-01;-0.31320000000000003
GCAG;1912-12-01;-0.3553
GCAG;1942-11-01;0.167
GCAG;1894-10-01;-0.21350000000000002
GISTEMP;1888-05-01;-0.22
GISTEMP;1880-07-01;-0.24
GISTEMP;1956-05-01;-0.28
GCAG;1922-08-01;-0.2793
GISTEMP;1887-04-01;-0.37
GISTEMP;1993-04-01;0.28
GCAG;1979-01-01;0.1602
GISTEMP;2016-03-01;1.3
GCAG;1957-04-01;-0.0193
GCAG;1921-02-01;-0.1494
GCAG;1908-06-01;-0.4062
GCAG;2009-10-01;0.6418
GISTEMP;1992-07-01;0.13
GISTEMP;1982-11-01;0.14
GISTEMP;1936-11-01;-0.05
GCAG;2011-12-01;0.5485
GCAG;1994-11-01;0.453
GCAG;1985-02-01;0.0176
GISTEMP;1949-01-01;0.09
GISTEMP;1938-10-01;0.11
GCAG;1931-04-01;-0.1625
GISTEMP;2015-06-01;0.78
GISTEMP;1937-12-01;-0.12
GCAG;1926-02-01;0.0811
GISTEMP;1888-02-01;-0.43
GISTEMP;1928-11-01;-0.09
GISTEMP;1918-09-01;-0.14
GISTEMP;2009-01-01;0.62
GCAG;2004-11-01;0.7601
GISTEMP;1899-04-01;-0.21
GCAG;2008-10-01;0.669
GISTEMP;1925-06-01;-0.34
GISTEMP;1917-12-01;-0.71
GISTEMP;1901-03-01;0.05
GISTEMP;1899-03-01;-0.35000000000000003
GCAG;1883-04-01;-0.1746
GCAG;1922-07-01;-0.2615
GISTEMP;1920-10-01;-0.29
GCAG;1891-01-01;-0.37720000000000004
GCAG;1889-09-01;-0.22640000000000002
GCAG;1996-09-01;0.2696
GCAG;1963-11-01;0.1947
GISTEMP;1958-04-01;0.01
GISTEMP;1950-11-01;-0.35000000000000003
GISTEMP;1908-03-01;-0.58
GCAG;2004-09-01;0.5331
GCAG;2005-08-01;0.6247
GISTEMP;1968-10-01;0.12
GCAG;1951-02-01;-0.4101
GCAG;1907-02-01;-0.4038
GCAG;1903-06-01;-0.3759
GCAG;2012-05-01;0.7221000000000001
GISTEMP;2005-08-01;0.63
GISTEMP;1995-06-01;0.45
GISTEMP;1968-12-01;-0.14
GISTEMP;1954-08-01;-0.13
GISTEMP;1953-01-01;0.09
GCAG;1994-02-01;0.0791
GCAG;1967-06-01;-0.029900000000000003
GISTEMP;1919-07-01;-0.21
GISTEMP;1900-02-01;-0.08
GCAG;1965-08-01;-0.046400000000000004
GISTEMP;1938-05-01;-0.07
GCAG;1915-01-01;-0.1374
GCAG;2012-09-01;0.7266
GISTEMP;2005-11-01;0.76
GISTEMP;1949-04-01;-0.07
GISTEMP;1942-05-01;0.14
GISTEMP;1891-03-01;-0.15
GISTEMP;1891-05-01;-0.17
GCAG;1987-04-01;0.3009
GCAG;1974-11-01;-0.0671
GCAG;1949-11-01;-0.0534
GISTEMP;1922-08-01;-0.31
GISTEMP;1910-01-01;-0.44
GCAG;1900-12-01;0.032
GISTEMP;1894-11-01;-0.25
GISTEMP;1882-09-01;-0.01
GCAG;1954-07-01;-0.12290000000000001
GISTEMP;1950-05-01;-0.12
GISTEMP;1963-03-01;-0.13
GCAG;1952-07-01;0.07350000000000001
GISTEMP;1935-11-01;-0.29
GISTEMP;1935-10-01;-0.08
GISTEMP;1987-08-01;0.28
GISTEMP;1979-07-01;0.03
GISTEMP;1970-02-01;0.22
GISTEMP;1932-03-01;-0.2
GISTEMP;1926-07-01;-0.21
GISTEMP;2001-02-01;0.46
GCAG;1963-07-01;0.13820000000000002
GCAG;1961-08-01;0.032
GCAG;1961-03-01;0.1646
GCAG;1942-08-01;0.044
GISTEMP;1920-09-01;-0.2
GISTEMP;2000-12-01;0.30000000000000004
GISTEMP;1984-06-01;0.04
GISTEMP;1965-12-01;-0.05
GISTEMP;1962-03-01;0.12
GCAG;1924-02-01;-0.1859
GISTEMP;1907-02-01;-0.53
GISTEMP;1899-09-01;0.0
GCAG;1894-02-01;-0.2215
GISTEMP;1880-08-01;-0.08
GISTEMP;1974-11-01;-0.07
GISTEMP;1962-12-01;-0.01
GCAG;1959-04-01;0.11800000000000001
GCAG;1941-08-01;0.1736
GCAG;1914-12-01;-0.0998
GCAG;2012-04-01;0.7335
GCAG;2010-10-01;0.6268
GCAG;2007-11-01;0.5172
GISTEMP;2006-03-01;0.63
GISTEMP;1989-10-01;0.32
GCAG;2000-08-01;0.45570000000000005
GISTEMP;1997-02-01;0.37
GISTEMP;1992-08-01;0.1
GCAG;1894-04-01;-0.3023
GISTEMP;1992-09-01;0.01
GCAG;1957-07-01;0.0596
GCAG;1953-09-01;0.0632
GISTEMP;1917-06-01;-0.4
GCAG;1916-04-01;-0.1978
GCAG;1915-02-01;-0.0108
GCAG;1899-11-01;0.15230000000000002
GCAG;2009-01-01;0.5955
GCAG;1976-12-01;0.0906
GCAG;1953-05-01;0.14400000000000002
GCAG;1945-10-01;0.2569
GISTEMP;1935-04-01;-0.35000000000000003
GCAG;1932-10-01;-0.0926
GISTEMP;1945-06-01;0.02
GISTEMP;1930-03-01;-0.08
GISTEMP;2015-05-01;0.78
GISTEMP;2001-01-01;0.44
GISTEMP;1996-11-01;0.42
GCAG;1992-08-01;0.1405
GCAG;1954-01-01;-0.23520000000000002
GISTEMP;1923-12-01;-0.06
GCAG;2011-09-01;0.5998
GCAG;1952-03-01;-0.048
GISTEMP;1939-07-01;-0.06
GCAG;1929-05-01;-0.2886
GISTEMP;1903-08-01;-0.44
GCAG;1888-05-01;-0.15610000000000002
GISTEMP;1951-06-01;-0.05
GCAG;1912-03-01;-0.3123
GISTEMP;1894-05-01;-0.30000000000000004
GISTEMP;1983-08-01;0.30000000000000004
GCAG;1999-11-01;0.3688
GCAG;2001-08-01;0.6032000000000001
GISTEMP;1985-09-01;0.14
GISTEMP;1942-08-01;-0.03
GISTEMP;1928-03-01;-0.28
GISTEMP;1916-04-01;-0.25
GCAG;1888-11-01;-0.041800000000000004
GISTEMP;1987-09-01;0.39
GCAG;1969-08-01;0.0954
GCAG;1899-12-01;-0.1656
GCAG;1960-07-01;0.0339
GISTEMP;1955-08-01;0.04
GISTEMP;1951-07-01;0.0
GCAG;1950-11-01;-0.36050000000000004
GCAG;1912-10-01;-0.5185000000000001
GISTEMP;1880-11-01;-0.19
GISTEMP;1934-12-01;-0.09
GISTEMP;1906-09-01;-0.25
GISTEMP;1885-06-01;-0.5
GCAG;2002-06-01;0.589
GCAG;2000-12-01;0.31920000000000004
GCAG;1977-11-01;0.26030000000000003
GISTEMP;1975-03-01;0.14
GISTEMP;1936-05-01;-0.17
GCAG;1932-05-01;-0.16740000000000002
GCAG;1891-06-01;-0.2023
GISTEMP;2009-03-01;0.53
GCAG;1962-01-01;0.1345
GISTEMP;1935-07-01;-0.19
GCAG;1932-02-01;-0.1794
GISTEMP;1970-06-01;-0.03
GISTEMP;1901-06-01;-0.1
GCAG;1967-08-01;-0.0055000000000000005
GISTEMP;2006-12-01;0.77
GISTEMP;1893-12-01;-0.38
GCAG;1966-11-01;-0.0465
GISTEMP;1953-11-01;-0.05
GCAG;1920-09-01;-0.17550000000000002
GISTEMP;1907-04-01;-0.4
GCAG;1975-04-01;0.0779
GISTEMP;1954-11-01;0.08
GCAG;1951-04-01;-0.0877
GISTEMP;1926-01-01;0.2
GCAG;1918-07-01;-0.2024
GISTEMP;1905-10-01;-0.23
GCAG;1883-02-01;-0.29150000000000004
GISTEMP;1912-08-01;-0.51
GISTEMP;1909-06-01;-0.52
GCAG;2009-06-01;0.6741
GCAG;1994-06-01;0.387
GISTEMP;1970-04-01;0.09
GCAG;1905-12-01;-0.13340000000000002
GCAG;1884-12-01;-0.14400000000000002
GCAG;2009-05-01;0.5868
GISTEMP;1988-03-01;0.49
GCAG;1975-11-01;-0.145
GISTEMP;1952-08-01;0.07
GISTEMP;1951-01-01;-0.35000000000000003
GISTEMP;1949-02-01;-0.16
GCAG;1947-05-01;-0.019
GISTEMP;1914-09-01;-0.13
GISTEMP;1991-09-01;0.5
GCAG;1955-09-01;-0.09230000000000001
GCAG;1947-12-01;-0.1463
GISTEMP;1910-06-01;-0.36
GISTEMP;1892-10-01;-0.17
GCAG;2016-12-01;0.7895000000000001
GCAG;1958-04-01;0.114
GISTEMP;1914-01-01;0.02
GCAG;1912-08-01;-0.4516
GISTEMP;1880-06-01;-0.29
GISTEMP;1975-09-01;-0.03
GISTEMP;1941-11-01;0.12
GISTEMP;1900-12-01;-0.14
GCAG;1892-08-01;-0.3279
GCAG;2007-04-01;0.7336
GISTEMP;1900-06-01;-0.15
GCAG;1983-01-01;0.5169
GCAG;2008-11-01;0.6703
GCAG;1986-02-01;0.2788
GCAG;1975-05-01;0.0693
GCAG;1956-12-01;-0.153
GCAG;1956-02-01;-0.2732
GCAG;1934-05-01;-0.0444
GISTEMP;1922-04-01;-0.22
GISTEMP;1968-09-01;-0.18
GCAG;2004-07-01;0.4806
GCAG;1999-01-01;0.5007
GCAG;1906-05-01;-0.21660000000000001
GCAG;1895-11-01;-0.1602
GCAG;1998-09-01;0.5271
GCAG;1953-06-01;0.124
GISTEMP;1947-10-01;0.06
GISTEMP;1908-01-01;-0.46
GCAG;2005-03-01;0.6918000000000001
GCAG;1891-03-01;-0.212
GCAG;1890-11-01;-0.34190000000000004
GISTEMP;1999-01-01;0.48
GISTEMP;1973-06-01;0.16
GISTEMP;1931-04-01;-0.21
GISTEMP;1931-02-01;-0.22
GCAG;2003-01-01;0.6907
GCAG;1999-02-01;0.6733
GISTEMP;1994-05-01;0.29
GCAG;1973-11-01;0.022
GCAG;1947-11-01;-0.0238
GCAG;1952-02-01;0.0921
GCAG;1913-06-01;-0.3779
GCAG;1906-04-01;-0.0514
GISTEMP;1920-01-01;-0.15
GISTEMP;1916-08-01;-0.27
GISTEMP;1948-11-01;-0.08
GCAG;1928-03-01;-0.263
GCAG;1924-11-01;-0.2942
GISTEMP;1923-01-01;-0.27
GISTEMP;1897-08-01;-0.03
GCAG;2005-06-01;0.6722
GCAG;1966-12-01;-0.12440000000000001
GISTEMP;1901-04-01;-0.06
GCAG;1895-01-01;-0.4389
GCAG;1893-10-01;-0.2099
GISTEMP;1996-05-01;0.30000000000000004
GCAG;1983-12-01;0.2748
GISTEMP;1943-02-01;0.22
GCAG;1934-04-01;-0.2318
GCAG;1906-02-01;-0.2379
GCAG;1881-09-01;-0.1824
GCAG;2012-06-01;0.7039000000000001
GISTEMP;1995-03-01;0.45
GCAG;1990-08-01;0.34790000000000004
GCAG;1972-12-01;0.2529
GISTEMP;1913-10-01;-0.34
GISTEMP;2013-04-01;0.52
GISTEMP;2003-12-01;0.75
GCAG;1965-12-01;-0.012400000000000001
GISTEMP;1944-02-01;0.31
GCAG;1975-07-01;0.0055000000000000005
GCAG;1966-05-01;-0.0359
GCAG;1964-04-01;-0.1847
GISTEMP;1912-07-01;-0.41000000000000003
GCAG;1912-05-01;-0.2257
GCAG;1884-09-01;-0.2238
GCAG;2006-08-01;0.6231
GISTEMP;2001-05-01;0.59
GISTEMP;1971-03-01;-0.18
GISTEMP;1940-12-01;0.19
GISTEMP;1913-11-01;-0.18
GISTEMP;2015-07-01;0.71
GCAG;1974-01-01;-0.1953
GISTEMP;1973-04-01;0.25
GISTEMP;1968-01-01;-0.23
GCAG;1933-07-01;-0.181
GCAG;1917-05-01;-0.45
GISTEMP;1917-04-01;-0.38
GISTEMP;1902-09-01;-0.2
GISTEMP;1890-12-01;-0.30000000000000004
GISTEMP;1883-11-01;-0.21
GISTEMP;1960-08-01;-0.01
GCAG;1918-10-01;-0.0998
GCAG;2015-03-01;0.8969
GCAG;1985-07-01;0.0779
GISTEMP;1980-02-01;0.42
GCAG;1949-05-01;-0.0063
GISTEMP;1946-09-01;-0.02
GISTEMP;1887-07-01;-0.19
GCAG;1970-07-01;-0.0218
GCAG;2014-05-01;0.7938000000000001
GCAG;1939-05-01;-0.0366
GISTEMP;1941-01-01;0.13
GISTEMP;1909-12-01;-0.55
GISTEMP;1974-02-01;-0.28
GCAG;1972-08-01;0.0863
GISTEMP;1970-12-01;-0.13
GCAG;1934-07-01;-0.08940000000000001
GISTEMP;1949-06-01;-0.22
GCAG;1948-06-01;-0.015
GCAG;1946-05-01;-0.0298
GCAG;1928-06-01;-0.2777
GISTEMP;1919-04-01;-0.17
GCAG;1880-10-01;-0.1786
GCAG;1998-08-01;0.6816
GCAG;1986-08-01;0.1698
GCAG;1977-10-01;0.1189
GISTEMP;1958-08-01;-0.06
GCAG;1917-08-01;-0.1726
GISTEMP;1911-09-01;-0.38
GCAG;1892-12-01;-0.4708
GISTEMP;1967-06-01;-0.08
GISTEMP;1897-04-01;-0.01
GCAG;1973-08-01;0.07740000000000001
GISTEMP;1953-04-01;0.2
GCAG;1917-11-01;-0.1348
GCAG;1904-09-01;-0.4632
GCAG;1888-09-01;-0.069
GISTEMP;1887-05-01;-0.33
GCAG;1974-08-01;0.0131
GCAG;1927-09-01;-0.0275
GISTEMP;1895-07-01;-0.16
GCAG;1984-07-01;0.1193
GCAG;1968-05-01;-0.08030000000000001
GCAG;1945-01-01;0.1535
GISTEMP;1923-03-01;-0.32
GCAG;1976-02-01;-0.1221
GCAG;1882-06-01;-0.1391
GCAG;1981-03-01;0.4083
GISTEMP;1978-01-01;0.08
GISTEMP;1976-11-01;-0.06
GCAG;1887-01-01;-0.37920000000000004
GISTEMP;1898-09-01;-0.19
GCAG;2010-06-01;0.7339
GCAG;1964-07-01;-0.1111
GCAG;1949-01-01;0.12090000000000001
GISTEMP;1991-02-01;0.51
GCAG;1979-07-01;0.1746
GISTEMP;1969-01-01;-0.11
GCAG;1930-01-01;-0.3206
GCAG;1913-08-01;-0.328
GCAG;1908-12-01;-0.3846
GISTEMP;1963-12-01;0.0
GISTEMP;1967-08-01;0.02
GISTEMP;1958-05-01;0.08
GISTEMP;1895-11-01;-0.15
GCAG;1881-05-01;0.0284
GISTEMP;1989-06-01;0.15
GCAG;1968-10-01;0.0471
GCAG;1900-07-01;-0.0728
GCAG;1900-04-01;-0.0985
GCAG;1900-01-01;-0.2404
GISTEMP;1982-03-01;-0.01
GISTEMP;2005-10-01;0.8
GISTEMP;2004-01-01;0.59
GCAG;1955-04-01;-0.2383
GISTEMP;1899-07-01;-0.13
GISTEMP;2006-04-01;0.5
GCAG;1995-11-01;0.455
GISTEMP;1995-05-01;0.29
GCAG;1940-02-01;0.0514
GCAG;1939-12-01;0.4057
GCAG;1900-11-01;-0.1345
GISTEMP;1976-04-01;-0.1
GISTEMP;1914-02-01;-0.13
GISTEMP;1907-12-01;-0.5
GCAG;2014-09-01;0.7872
GCAG;1985-09-01;0.101
GISTEMP;1979-05-01;0.06
GISTEMP;1967-07-01;0.01
GCAG;1968-01-01;-0.1865
GCAG;1951-08-01;0.113
GCAG;1948-05-01;0.1427
GISTEMP;1909-07-01;-0.43
GISTEMP;1894-04-01;-0.41000000000000003
GCAG;1888-03-01;-0.2974
GCAG;1885-11-01;-0.1262
GISTEMP;2013-03-01;0.66
GISTEMP;1998-01-01;0.61
GISTEMP;1989-11-01;0.21
GISTEMP;1986-02-01;0.39
GISTEMP;1985-08-01;0.15
GCAG;1977-05-01;0.2368
GCAG;1947-02-01;-0.07740000000000001
GISTEMP;1932-04-01;-0.07
GCAG;1894-06-01;-0.3487
GISTEMP;1941-09-01;0.02
GCAG;1912-09-01;-0.5056
GISTEMP;1881-07-01;-0.07
GCAG;1993-01-01;0.384
GCAG;1980-02-01;0.3506
GISTEMP;1913-03-01;-0.44
GISTEMP;1905-04-01;-0.36
GISTEMP;1897-02-01;-0.19
GISTEMP;1885-10-01;-0.2
GCAG;2016-05-01;0.8738
GCAG;1945-03-01;0.1072
GCAG;1943-01-01;-0.0241
GCAG;1996-01-01;0.2625
GISTEMP;1910-10-01;-0.39
GISTEMP;1910-05-01;-0.34
GISTEMP;1899-02-01;-0.39
GCAG;1885-07-01;-0.23750000000000002
GISTEMP;2009-09-01;0.7000000000000001
GCAG;1991-10-01;0.3292
GISTEMP;1985-05-01;0.17
GISTEMP;1930-04-01;-0.26
GCAG;1992-03-01;0.4333
GISTEMP;1969-04-01;0.19
GISTEMP;1919-05-01;-0.2
GCAG;1914-02-01;-0.1203
GCAG;2004-02-01;0.7232000000000001
GISTEMP;2002-09-01;0.65
GCAG;1904-12-01;-0.2414
GISTEMP;1920-02-01;-0.22
GCAG;1907-12-01;-0.3922
GCAG;1998-10-01;0.4965
GISTEMP;1984-05-01;0.33
GISTEMP;1983-03-01;0.42
GISTEMP;1971-07-01;-0.12
GCAG;1955-10-01;-0.1232
GISTEMP;1929-08-01;-0.29
GCAG;2009-07-01;0.6439
GCAG;2005-05-01;0.6573
GISTEMP;1973-08-01;0.02
GCAG;1934-09-01;-0.1226
GISTEMP;1925-03-01;-0.24
GCAG;1896-10-01;-0.0056
GCAG;1965-11-01;-0.09
GCAG;1947-09-01;-0.1306
GCAG;1926-04-01;-0.1389
GCAG;1978-04-01;0.13240000000000002
GISTEMP;1972-04-01;-0.01
GISTEMP;1966-11-01;-0.02
GISTEMP;1961-10-01;0.0
GISTEMP;1912-12-01;-0.42
GISTEMP;1886-07-01;-0.16
GISTEMP;2005-05-01;0.65
GCAG;1919-08-01;-0.20770000000000002
GCAG;1902-10-01;-0.2821
GCAG;2016-04-01;1.0733
GISTEMP;2003-05-01;0.62
GISTEMP;1982-06-01;0.05
GISTEMP;2015-09-01;0.81
GCAG;1941-07-01;0.2069
GISTEMP;1922-05-01;-0.34
GISTEMP;1915-12-01;-0.25
GISTEMP;1891-07-01;-0.22
GCAG;1929-08-01;-0.2078
GISTEMP;1884-01-01;-0.18
GCAG;1946-12-01;-0.2636
GCAG;1993-02-01;0.3967
GISTEMP;1975-05-01;0.16
GCAG;1893-09-01;-0.2587
GCAG;2011-02-01;0.49760000000000004
GISTEMP;1997-10-01;0.64
GISTEMP;1934-05-01;-0.11
GCAG;1929-10-01;-0.11850000000000001
GISTEMP;1918-02-01;-0.33
GCAG;1911-01-01;-0.5067
GCAG;1896-03-01;-0.2079
GISTEMP;1946-07-01;-0.09
GISTEMP;1937-04-01;-0.17
GISTEMP;1935-06-01;-0.23
GISTEMP;1898-04-01;-0.33
GISTEMP;1993-01-01;0.37
GISTEMP;1965-04-01;-0.2
GISTEMP;1953-12-01;0.03
GCAG;1946-09-01;-0.0164
GISTEMP;1891-01-01;-0.46
GISTEMP;1989-08-01;0.36
GISTEMP;1962-10-01;-0.03
GCAG;1956-10-01;-0.19890000000000002
GISTEMP;1945-07-01;0.07
GISTEMP;1926-09-01;-0.11
GCAG;1924-09-01;-0.2836
GISTEMP;2010-04-01;0.87
GCAG;1997-09-01;0.625
GCAG;1928-01-01;-0.08
GCAG;1922-10-01;-0.2506
GISTEMP;1895-01-01;-0.44
GCAG;2004-10-01;0.6177
GISTEMP;1977-10-01;0.04
GCAG;1970-11-01;0.022600000000000002
GCAG;1957-11-01;0.1282
GISTEMP;1950-01-01;-0.30000000000000004
GISTEMP;1949-03-01;-0.01
GCAG;1882-04-01;-0.1241
GISTEMP;1990-05-01;0.46
GCAG;1948-03-01;-0.1841
GISTEMP;1931-03-01;-0.06
GISTEMP;1918-10-01;-0.03
GISTEMP;1887-03-01;-0.32
GISTEMP;1881-08-01;-0.03
GISTEMP;2008-01-01;0.24
GCAG;1959-03-01;0.2041
GCAG;1899-06-01;-0.19770000000000001
GISTEMP;1899-05-01;-0.2
GISTEMP;1971-11-01;-0.04
GISTEMP;1942-07-01;0.02
GCAG;1932-09-01;-0.0695
GCAG;1908-04-01;-0.4832
GISTEMP;1903-05-01;-0.41000000000000003
GCAG;1976-08-01;-0.08940000000000001
GCAG;1955-11-01;-0.2373
GISTEMP;1955-11-01;-0.28
GISTEMP;1898-11-01;-0.35000000000000003
GISTEMP;1907-07-01;-0.35000000000000003
GISTEMP;1897-01-01;-0.22
GCAG;1886-09-01;-0.19690000000000002
GISTEMP;1962-07-01;-0.02
GCAG;1960-08-01;0.0461
GISTEMP;1942-02-01;0.05
GISTEMP;2007-11-01;0.5700000000000001
GCAG;1998-11-01;0.4132
GCAG;1918-02-01;-0.2892
GISTEMP;1890-03-01;-0.41000000000000003
GISTEMP;2014-01-01;0.73
GCAG;1988-06-01;0.3865
GCAG;1987-08-01;0.38320000000000004
GCAG;1949-02-01;-0.1476
GISTEMP;1935-01-01;-0.37
GISTEMP;1895-02-01;-0.42
GISTEMP;1885-11-01;-0.22
GCAG;2015-11-01;0.9655
GCAG;1915-09-01;-0.1111
GISTEMP;2014-03-01;0.77
GISTEMP;2004-12-01;0.52
GCAG;1993-12-01;0.31880000000000003
GCAG;1985-05-01;0.19590000000000002
GISTEMP;1964-06-01;-0.07
GCAG;1883-05-01;-0.14550000000000002
GISTEMP;1937-08-01;0.03
GCAG;1937-05-01;-0.0187
GISTEMP;1917-09-01;-0.18
GCAG;1911-08-01;-0.4541
GCAG;1898-12-01;-0.0073
GISTEMP;1898-02-01;-0.34
GCAG;1979-02-01;0.0922
GCAG;1957-05-01;0.1092
GISTEMP;1912-04-01;-0.2
GISTEMP;1891-08-01;-0.21
GISTEMP;1947-03-01;0.05
GISTEMP;1946-08-01;-0.08
GCAG;1901-05-01;-0.12480000000000001
GISTEMP;2001-06-01;0.55
GCAG;1990-02-01;0.4072
GCAG;1987-03-01;0.2541
GISTEMP;2002-11-01;0.59
GISTEMP;1988-09-01;0.42
GISTEMP;1948-09-01;-0.1
GISTEMP;1938-02-01;-0.04
GCAG;1984-03-01;0.272
GISTEMP;1960-09-01;0.05
GISTEMP;1950-07-01;-0.09
GCAG;1928-10-01;-0.12560000000000002
GCAG;1921-03-01;-0.21760000000000002
GISTEMP;1881-09-01;-0.09
GISTEMP;2010-07-01;0.62
GISTEMP;2009-04-01;0.61
GCAG;1989-12-01;0.40130000000000005
GCAG;1981-08-01;0.24280000000000002
GCAG;1962-07-01;0.09050000000000001
GISTEMP;1961-12-01;-0.15
GISTEMP;1928-01-01;-0.04
GISTEMP;1927-09-01;-0.06
GCAG;1884-07-01;-0.2985
GCAG;2003-03-01;0.5702
GISTEMP;1979-09-01;0.27
GISTEMP;1943-11-01;0.25
GCAG;1935-04-01;-0.25670000000000004
GCAG;1917-04-01;-0.3146
GCAG;1891-09-01;-0.1514
GISTEMP;1888-06-01;-0.2
GCAG;1881-12-01;-0.0439
GISTEMP;2013-05-01;0.61
GCAG;1996-04-01;0.2725
GCAG;1971-06-01;-0.12430000000000001
GISTEMP;1940-07-01;0.1
GCAG;1939-01-01;-0.1665
GCAG;2016-08-01;0.8998
GISTEMP;1987-07-01;0.46
GCAG;1903-03-01;-0.2755
GISTEMP;2006-01-01;0.5700000000000001
GCAG;1966-07-01;0.06670000000000001
GISTEMP;1902-08-01;-0.28
GCAG;1936-07-01;-0.013900000000000001
GISTEMP;1926-03-01;0.12
GCAG;2007-07-01;0.5286000000000001
GISTEMP;1986-01-01;0.30000000000000004
GCAG;1981-02-01;0.3629
GISTEMP;1964-08-01;-0.2
GCAG;1962-10-01;0.0796
GISTEMP;1930-09-01;-0.11
GISTEMP;1885-04-01;-0.45
GCAG;2002-02-01;0.7846000000000001
GISTEMP;2000-11-01;0.34
GISTEMP;1984-09-01;0.2
GCAG;1965-01-01;-0.0699
GCAG;1917-06-01;-0.3432
GISTEMP;1984-10-01;0.15
GISTEMP;1948-07-01;-0.13
GCAG;1926-10-01;-0.084
GISTEMP;1901-12-01;-0.30000000000000004
GISTEMP;2008-08-01;0.44
GISTEMP;1957-02-01;-0.05
GISTEMP;1943-01-01;-0.01
GCAG;1888-01-01;-0.3871
GCAG;2013-07-01;0.6662
GCAG;1991-11-01;0.3175
GCAG;1973-06-01;0.19720000000000001
GISTEMP;1911-01-01;-0.64
GISTEMP;1908-06-01;-0.39
GCAG;1906-12-01;-0.165
GCAG;1999-03-01;0.37020000000000003
GCAG;1994-04-01;0.3568
GISTEMP;1981-03-01;0.48
GISTEMP;1966-03-01;0.04
GISTEMP;1933-09-01;-0.26
GISTEMP;1929-02-01;-0.61
GCAG;1925-02-01;-0.2783
GCAG;2016-11-01;0.7504000000000001
GISTEMP;2000-09-01;0.42
GISTEMP;1930-10-01;-0.08
GISTEMP;1924-04-01;-0.35000000000000003
GISTEMP;1884-08-01;-0.27
GCAG;1884-01-01;-0.18430000000000002
GISTEMP;1880-01-01;-0.30000000000000004
GCAG;1973-07-01;0.1163
GCAG;1950-09-01;-0.10490000000000001
GISTEMP;1955-04-01;-0.23
GCAG;1925-10-01;-0.1326
GCAG;2006-06-01;0.6399
GISTEMP;1987-04-01;0.24
GCAG;1903-10-01;-0.43570000000000003
GISTEMP;1892-11-01;-0.49
GISTEMP;1952-12-01;-0.02
GISTEMP;1951-10-01;0.06
GISTEMP;1916-01-01;-0.2
GCAG;1904-04-01;-0.4717
GISTEMP;1892-08-01;-0.2
GCAG;2016-02-01;1.1921
GISTEMP;1993-07-01;0.28
GCAG;1986-06-01;0.2534
GCAG;1957-10-01;0.0143
GISTEMP;1914-08-01;-0.15
GISTEMP;2012-02-01;0.49
GISTEMP;1986-08-01;0.12
GCAG;1978-08-01;0.0033
GISTEMP;1918-03-01;-0.21
GISTEMP;1916-09-01;-0.29
GCAG;1888-02-01;-0.32880000000000004
GISTEMP;1890-11-01;-0.37
GISTEMP;1997-03-01;0.52
GCAG;1981-11-01;0.2119
GCAG;1913-05-01;-0.394
GISTEMP;1973-03-01;0.26
GISTEMP;1898-05-01;-0.35000000000000003
GCAG;1897-08-01;-0.07350000000000001
GCAG;1892-03-01;-0.3032
GCAG;1990-10-01;0.4277
GCAG;1956-03-01;-0.2003
GCAG;1940-09-01;0.14830000000000002
GISTEMP;1937-03-01;-0.17
GCAG;1930-12-01;0.0064
GCAG;1928-07-01;-0.1773
GCAG;2008-08-01;0.5594
GCAG;1995-12-01;0.3477
GISTEMP;2013-06-01;0.65
GCAG;1995-09-01;0.3865
GISTEMP;1987-05-01;0.26
GISTEMP;1964-02-01;-0.12
GCAG;1962-08-01;0.055200000000000006
GISTEMP;1942-03-01;0.13
GISTEMP;2016-12-01;0.81
GCAG;2007-10-01;0.5670000000000001
GCAG;1997-06-01;0.5308
GCAG;1978-02-01;0.1306
GCAG;1976-03-01;-0.2394
GISTEMP;1959-01-01;0.06
GCAG;1952-01-01;0.152
GCAG;1946-08-01;-0.0697
GCAG;1945-06-01;0.1413
GISTEMP;1944-01-01;0.41000000000000003
GCAG;1924-06-01;-0.22590000000000002
GISTEMP;1921-07-01;-0.16
GCAG;1889-08-01;-0.137
GISTEMP;1986-07-01;0.13
GISTEMP;1891-10-01;-0.24
GCAG;1890-08-01;-0.3257
GCAG;1883-08-01;-0.0526
GISTEMP;1984-03-01;0.29
GISTEMP;1918-11-01;-0.16
GCAG;1910-10-01;-0.4199
GISTEMP;1888-08-01;-0.11
GISTEMP;1897-06-01;-0.12
GISTEMP;1958-01-01;0.39
GCAG;1981-07-01;0.2268
GISTEMP;1939-05-01;-0.07
GCAG;1887-03-01;-0.1655
GISTEMP;1884-07-01;-0.35000000000000003
GCAG;1963-06-01;0.0499
GISTEMP;1951-03-01;-0.19
GCAG;1939-10-01;-0.0427
GCAG;1964-03-01;-0.1421
GCAG;1888-07-01;-0.1149
GISTEMP;1884-05-01;-0.32
GCAG;2012-07-01;0.6884
GISTEMP;1965-06-01;-0.08
GCAG;1965-05-01;-0.0787
GCAG;1936-06-01;-0.1075
GCAG;1907-04-01;-0.3508
GCAG;1992-06-01;0.2821
GISTEMP;1988-11-01;0.13
GISTEMP;1943-09-01;0.11
GISTEMP;1918-07-01;-0.22
GISTEMP;1904-10-01;-0.35000000000000003
GCAG;2013-02-01;0.6357
GISTEMP;1999-11-01;0.42
GCAG;1988-05-01;0.3811
GCAG;1963-08-01;0.1579
GCAG;1937-02-01;0.0385
GISTEMP;1936-12-01;-0.04
GISTEMP;1936-07-01;-0.06
GISTEMP;1935-02-01;0.11
GCAG;1895-05-01;-0.2076
GISTEMP;1984-04-01;0.08
GCAG;1983-04-01;0.2918
GISTEMP;2015-01-01;0.81
GISTEMP;2002-05-01;0.65
GISTEMP;1989-04-01;0.33
GISTEMP;1983-01-01;0.52
GCAG;1964-08-01;-0.16690000000000002
GISTEMP;1915-08-01;-0.15
GCAG;2008-12-01;0.5635
GCAG;1985-08-01;0.1287
GCAG;1985-04-01;0.14880000000000002
GISTEMP;1983-04-01;0.30000000000000004
GISTEMP;1947-01-01;-0.13
GISTEMP;1931-08-01;0.0
GCAG;1898-02-01;-0.2785
GISTEMP;1957-10-01;0.01
GISTEMP;1934-01-01;-0.27
GCAG;1931-10-01;0.0092
GCAG;1908-10-01;-0.5169
GISTEMP;1985-06-01;0.17
GISTEMP;1975-10-01;-0.09
GCAG;1898-05-01;-0.2887
GISTEMP;1893-07-01;-0.14
GISTEMP;1922-11-01;-0.17
GCAG;1919-03-01;-0.2393
GCAG;1909-02-01;-0.45630000000000004
GCAG;1991-02-01;0.4661
GISTEMP;1940-09-01;0.12
GISTEMP;2013-12-01;0.67
GISTEMP;2000-06-01;0.44
GISTEMP;1985-01-01;0.21
GISTEMP;1934-09-01;-0.16
GISTEMP;1908-05-01;-0.4
GCAG;2013-06-01;0.6838000000000001
GCAG;1945-02-01;0.0149
GISTEMP;1934-08-01;-0.1
GISTEMP;1892-03-01;-0.36
GISTEMP;1954-03-01;-0.12
GCAG;1923-01-01;-0.21430000000000002
GCAG;2004-08-01;0.5141
GISTEMP;1977-02-01;0.2
GCAG;1971-09-01;-0.0443
GISTEMP;1944-03-01;0.34
GISTEMP;1911-08-01;-0.43
GCAG;1962-12-01;0.0881
GISTEMP;1959-07-01;0.06
GCAG;1941-11-01;0.2212
GCAG;1928-09-01;-0.1904
GISTEMP;1928-07-01;-0.21
GCAG;1986-12-01;0.2179
GCAG;1984-12-01;-0.0926
GCAG;1990-04-01;0.4907
GCAG;1984-02-01;0.1753
GISTEMP;1972-12-01;0.18
GCAG;2012-08-01;0.6694
GISTEMP;1971-12-01;-0.08
GCAG;1969-02-01;-0.1038
GISTEMP;1925-12-01;0.11
GCAG;1891-04-01;-0.2523
GCAG;2013-01-01;0.5873
GISTEMP;1974-06-01;-0.05
GISTEMP;1956-09-01;-0.22
GISTEMP;1944-08-01;0.23
GCAG;1930-03-01;-0.054900000000000004
GISTEMP;1921-11-01;-0.16
GISTEMP;1895-06-01;-0.25
GISTEMP;1887-06-01;-0.21
GCAG;1975-03-01;0.1096
GCAG;1965-06-01;-0.0434
GISTEMP;1997-01-01;0.33
GCAG;1953-08-01;0.08120000000000001
GCAG;1949-08-01;-0.0217
GISTEMP;1910-09-01;-0.37
GISTEMP;1910-08-01;-0.34
GCAG;1907-10-01;-0.3047
GCAG;1987-11-01;0.3306
GISTEMP;1919-02-01;-0.19
GCAG;1900-10-01;0.046400000000000004
GISTEMP;1994-07-01;0.32
GISTEMP;1994-06-01;0.42
GISTEMP;1982-08-01;0.08
GISTEMP;1965-08-01;-0.01
GCAG;1918-01-01;-0.2146
GISTEMP;1882-02-01;0.08
GISTEMP;1930-01-01;-0.29
GISTEMP;1894-08-01;-0.29
GISTEMP;1919-09-01;-0.17
GCAG;1889-02-01;0.0152
GISTEMP;1998-09-01;0.45
GISTEMP;1986-06-01;0.12
GCAG;1971-07-01;-0.063
GCAG;1962-04-01;0.0763
GCAG;1935-08-01;-0.1003
GCAG;1934-02-01;-0.023100000000000002
GISTEMP;2016-01-01;1.17
GISTEMP;2006-07-01;0.54
GISTEMP;1977-01-01;0.18
GISTEMP;1969-09-01;0.1
GISTEMP;1895-10-01;-0.11
GISTEMP;1889-11-01;-0.32
GISTEMP;1912-03-01;-0.37
GISTEMP;1959-05-01;0.06
GISTEMP;1893-10-01;-0.16
GISTEMP;1996-10-01;0.2
GCAG;1912-01-01;-0.2791
GISTEMP;1903-07-01;-0.30000000000000004
GISTEMP;2003-08-01;0.66
GISTEMP;1972-09-01;0.03
GCAG;1959-10-01;-0.0137
GCAG;1959-02-01;0.0682
GCAG;1932-04-01;-0.0324
GCAG;1921-10-01;-0.06620000000000001
GCAG;1973-03-01;0.3305
GISTEMP;1972-05-01;-0.03
GCAG;1949-09-01;-0.07010000000000001
GCAG;1892-02-01;-0.1353
GCAG;2011-11-01;0.4857
GISTEMP;1992-01-01;0.45
GISTEMP;1983-10-01;0.15
GCAG;1968-11-01;0.015600000000000001
GISTEMP;1913-07-01;-0.34
GCAG;1887-09-01;-0.1827
GCAG;2015-07-01;0.8072
GISTEMP;2011-06-01;0.59
GISTEMP;1981-05-01;0.25
GCAG;1909-11-01;-0.2733
GISTEMP;1899-06-01;-0.26
GCAG;1887-12-01;-0.1988
GCAG;1999-06-01;0.4203
GCAG;1966-06-01;0.0577
GCAG;1952-10-01;-0.0366
GCAG;1927-02-01;-0.1917
GISTEMP;1916-03-01;-0.31
GCAG;1912-07-01;-0.314
GCAG;1962-09-01;0.0606
GCAG;1936-03-01;-0.2107
GISTEMP;1926-02-01;0.07
GCAG;1900-05-01;-0.0371
GCAG;2011-08-01;0.616
GISTEMP;2000-05-01;0.4
GCAG;1925-08-01;-0.1374
GISTEMP;1915-09-01;-0.12
GCAG;2015-08-01;0.8746
GCAG;1996-11-01;0.2816
GISTEMP;1982-12-01;0.43
GISTEMP;1964-07-01;-0.07
GISTEMP;1953-08-01;0.08
GISTEMP;1945-02-01;0.02
GCAG;1985-12-01;0.1978
GCAG;1932-06-01;-0.1578
GISTEMP;1925-04-01;-0.25
GISTEMP;1888-04-01;-0.28
GISTEMP;1902-04-01;-0.27
GCAG;2000-10-01;0.3027
GISTEMP;1973-07-01;0.09
GISTEMP;1895-04-01;-0.23
GCAG;2003-10-01;0.7271000000000001
GCAG;1989-03-01;0.336
GISTEMP;1896-06-01;-0.13
GISTEMP;1968-11-01;-0.04
GCAG;1960-02-01;0.18580000000000002
GCAG;1949-06-01;-0.1486
GCAG;1936-10-01;-0.0224
GCAG;1911-11-01;-0.2571
GISTEMP;1903-09-01;-0.43
GCAG;1880-07-01;-0.1491
GISTEMP;1999-10-01;0.43
GCAG;1986-07-01;0.1686
GISTEMP;2006-11-01;0.72
GISTEMP;2004-04-01;0.62
GISTEMP;1962-06-01;0.06
GISTEMP;1948-10-01;-0.07
GCAG;1899-01-01;-0.1005
GCAG;1898-01-01;-0.039900000000000005
GISTEMP;1896-12-01;-0.12
GCAG;1979-08-01;0.2263
GCAG;1955-07-01;-0.0881
GCAG;1954-09-01;-0.059500000000000004
GCAG;1930-04-01;-0.195
GCAG;1928-12-01;-0.1713
GISTEMP;1910-11-01;-0.56
GCAG;2005-11-01;0.728
GISTEMP;1996-07-01;0.37
GCAG;1991-09-01;0.38630000000000003
GISTEMP;2004-09-01;0.53
GISTEMP;1921-03-01;-0.28
GCAG;1920-11-01;-0.251
GCAG;1909-07-01;-0.435
GISTEMP;2008-05-01;0.51
GISTEMP;1974-07-01;-0.03
GCAG;1973-05-01;0.2152
GCAG;1929-02-01;-0.5495
GCAG;1897-06-01;-0.1
GCAG;1929-07-01;-0.2735
GISTEMP;1916-05-01;-0.27
GISTEMP;2009-12-01;0.65
GISTEMP;1995-12-01;0.30000000000000004
GISTEMP;1972-11-01;0.03
GISTEMP;1970-11-01;0.01
GCAG;1935-09-01;-0.0916
GISTEMP;1922-10-01;-0.33
GCAG;1909-04-01;-0.5264
GISTEMP;1896-08-01;-0.09
GISTEMP;1883-09-01;-0.19
GISTEMP;2014-02-01;0.51
GISTEMP;2002-10-01;0.5700000000000001
GCAG;1989-06-01;0.2727
GCAG;1953-02-01;0.1534
GCAG;1981-12-01;0.42
GISTEMP;1928-06-01;-0.41000000000000003
GCAG;1907-09-01;-0.33640000000000003
GISTEMP;1886-09-01;-0.19
GCAG;1971-03-01;-0.14120000000000002
GISTEMP;1925-01-01;-0.34
GISTEMP;1921-08-01;-0.24
GCAG;1967-05-01;0.12430000000000001
GISTEMP;1882-05-01;-0.18
GISTEMP;1992-05-01;0.32
GCAG;1980-06-01;0.2474
GCAG;1965-04-01;-0.1875
GCAG;2000-06-01;0.4076
GCAG;1997-01-01;0.37460000000000004
GCAG;1996-05-01;0.39080000000000004
GISTEMP;1990-07-01;0.44
GISTEMP;1987-03-01;0.17
GCAG;1951-09-01;0.1322
GCAG;1934-01-01;-0.31020000000000003
GISTEMP;1920-12-01;-0.47000000000000003
GCAG;1909-03-01;-0.5399
GCAG;1886-01-01;-0.1143
GCAG;2010-02-01;0.708
GISTEMP;1974-03-01;-0.05
GISTEMP;1901-07-01;-0.09
GCAG;1899-08-01;-0.0664
GISTEMP;1999-08-01;0.34
GISTEMP;1988-04-01;0.45
GCAG;1984-05-01;0.28340000000000004
GISTEMP;1933-08-01;-0.23
GCAG;1918-06-01;-0.1829
GCAG;1904-08-01;-0.4314
GCAG;1880-02-01;-0.12290000000000001
GCAG;2016-03-01;1.2245
GCAG;1892-01-01;-0.23720000000000002
GCAG;1992-02-01;0.4485
GCAG;1979-05-01;0.1569
GISTEMP;1977-04-01;0.27
GISTEMP;1949-11-01;-0.08
GISTEMP;1932-10-01;-0.1
GCAG;1902-03-01;-0.19540000000000002
GCAG;1891-12-01;-0.042100000000000005
GCAG;1963-02-01;0.2566
GCAG;2015-02-01;0.8843000000000001
GCAG;1982-01-01;0.1342
GISTEMP;1980-11-01;0.30000000000000004
GISTEMP;1979-12-01;0.47000000000000003
GISTEMP;1978-02-01;0.14
GCAG;1916-01-01;-0.1797
GISTEMP;1981-11-01;0.21
GISTEMP;1913-02-01;-0.44
GCAG;1908-01-01;-0.36
GISTEMP;1902-11-01;-0.36
GCAG;1902-09-01;-0.2315
GCAG;2013-03-01;0.6139
GCAG;1993-10-01;0.2442
GISTEMP;1892-05-01;-0.25
GCAG;1984-09-01;0.1431
GISTEMP;1946-05-01;-0.04
GISTEMP;1945-01-01;0.13
GISTEMP;1991-07-01;0.51
GCAG;1968-04-01;-0.0703
GISTEMP;1966-10-01;-0.15
GCAG;1927-07-01;-0.10350000000000001
GCAG;1881-06-01;-0.0892
GCAG;2006-01-01;0.4567
GCAG;1956-07-01;-0.1346
GISTEMP;1955-10-01;-0.05
GISTEMP;1918-01-01;-0.44
GISTEMP;1961-07-01;-0.03
GISTEMP;1954-07-01;-0.16
GISTEMP;1952-06-01;-0.04
GISTEMP;1952-02-01;0.12
GCAG;1923-08-01;-0.28240000000000004
GCAG;1898-11-01;-0.2417
GCAG;1894-08-01;-0.2735
GCAG;1987-12-01;0.5316000000000001
GISTEMP;2014-11-01;0.67
GCAG;2007-06-01;0.5374
GCAG;1991-12-01;0.3064
GISTEMP;1974-09-01;-0.12
GISTEMP;1957-12-01;0.16
GISTEMP;1954-10-01;-0.01
GISTEMP;1927-01-01;-0.28
GISTEMP;1926-12-01;-0.30000000000000004
GCAG;1925-05-01;-0.2233
GISTEMP;1917-07-01;-0.23
GISTEMP;1917-02-01;-0.53
GCAG;1911-04-01;-0.5099
GCAG;2006-07-01;0.6218
GCAG;1982-04-01;0.2054
GCAG;1935-12-01;-0.1769
GISTEMP;2005-07-01;0.66
GISTEMP;1959-04-01;0.16
GISTEMP;1946-01-01;0.15
GISTEMP;1950-10-01;-0.2
GCAG;1933-08-01;-0.1889
GISTEMP;1933-02-01;-0.32
GISTEMP;1915-10-01;-0.22
GISTEMP;2001-09-01;0.56
GCAG;2004-12-01;0.5081
GCAG;1963-10-01;0.21480000000000002
GCAG;2005-02-01;0.5143
GISTEMP;1991-11-01;0.31
GCAG;1886-02-01;-0.2795
GCAG;1881-11-01;-0.2194
GISTEMP;1997-07-01;0.35000000000000003
GCAG;1899-05-01;-0.1203
GCAG;1886-04-01;-0.16790000000000002
GISTEMP;1981-12-01;0.4
GCAG;1943-03-01;0.0762
GCAG;1914-09-01;-0.1781
GISTEMP;1963-07-01;0.08
GISTEMP;1932-09-01;-0.11
GISTEMP;1907-10-01;-0.24
GCAG;1887-07-01;-0.2707
GISTEMP;2015-02-01;0.86
GCAG;1989-01-01;0.2157
GCAG;1978-05-01;0.0596
GCAG;2007-02-01;0.6609
GISTEMP;1998-02-01;0.9
GCAG;1995-08-01;0.5056
GCAG;1922-01-01;-0.3221
GISTEMP;1919-03-01;-0.25
GCAG;1981-09-01;0.186
GCAG;1969-12-01;0.24680000000000002
GCAG;1918-04-01;-0.29660000000000003
GISTEMP;1905-03-01;-0.25
GCAG;2000-01-01;0.3467
GISTEMP;1994-04-01;0.41000000000000003
GCAG;1925-11-01;0.0584
GISTEMP;1882-08-01;0.03
GCAG;1946-03-01;0.0005
GISTEMP;1913-04-01;-0.36
GCAG;2005-01-01;0.6223000000000001
GISTEMP;1999-05-01;0.33
GISTEMP;2002-08-01;0.55
GCAG;1972-11-01;0.0799
GISTEMP;1960-10-01;0.07
GCAG;1884-04-01;-0.1809
GISTEMP;1992-02-01;0.42
GISTEMP;1972-03-01;0.02
GISTEMP;1957-11-01;0.07
GISTEMP;1955-01-01;0.11
GISTEMP;1943-12-01;0.28
GISTEMP;1930-12-01;-0.09
GCAG;1886-06-01;-0.24680000000000002
GISTEMP;2007-05-01;0.67
GISTEMP;2001-11-01;0.7000000000000001
GCAG;1995-07-01;0.4295
GCAG;1946-07-01;-0.0367
GISTEMP;1896-10-01;0.04
GCAG;2013-05-01;0.7141000000000001
GCAG;1989-09-01;0.3019
GISTEMP;1919-10-01;-0.16
GCAG;1882-07-01;-0.0666
GISTEMP;1929-03-01;-0.34
GCAG;1925-07-01;-0.2093
GISTEMP;1890-04-01;-0.38
GCAG;1884-03-01;-0.2061
GCAG;1881-10-01;-0.2207
GISTEMP;1977-09-01;0.02
GCAG;2008-03-01;0.7625000000000001
GCAG;1912-11-01;-0.4122
GISTEMP;2014-05-01;0.87
GCAG;2008-06-01;0.5314
GISTEMP;1996-12-01;0.41000000000000003
GCAG;1968-09-01;-0.0112
GCAG;1964-02-01;-0.1048
GCAG;1950-04-01;-0.1706
GISTEMP;1944-06-01;0.22
GCAG;1935-03-01;-0.14750000000000002
GCAG;1914-07-01;-0.20950000000000002
GCAG;1901-07-01;-0.1563
GISTEMP;1893-06-01;-0.24
GISTEMP;1882-06-01;-0.25
GISTEMP;1950-03-01;-0.06
GCAG;1941-02-01;0.227
GCAG;1971-12-01;-0.0198
GISTEMP;1968-08-01;-0.11
GCAG;1961-02-01;0.1768
GCAG;1957-12-01;0.229
GISTEMP;1944-12-01;0.05
GISTEMP;1894-06-01;-0.43
GCAG;2010-01-01;0.6958000000000001
GCAG;1981-05-01;0.262
GISTEMP;1974-10-01;-0.07
GCAG;1949-04-01;0.0076
GISTEMP;1945-11-01;0.1
GCAG;1938-03-01;0.0308
GISTEMP;1932-08-01;-0.24
GISTEMP;1921-06-01;-0.31
GCAG;1885-09-01;-0.1963
GISTEMP;1883-12-01;-0.19
GISTEMP;2000-04-01;0.59
GISTEMP;1897-03-01;-0.12
GISTEMP;2006-05-01;0.47000000000000003
GISTEMP;1969-07-01;-0.01
GISTEMP;1945-03-01;0.11
GCAG;1933-06-01;-0.20070000000000002
GCAG;1994-07-01;0.3155
GISTEMP;1991-12-01;0.33
GISTEMP;1948-04-01;-0.09
GISTEMP;1901-09-01;-0.17
GISTEMP;1892-09-01;-0.25
GISTEMP;2001-04-01;0.52
GCAG;1975-12-01;-0.08950000000000001
GISTEMP;1948-06-01;-0.05
GCAG;1926-06-01;-0.12240000000000001
GCAG;1893-04-01;-0.35000000000000003
GCAG;1966-02-01;-0.0373
GISTEMP;1934-03-01;-0.31
GISTEMP;1881-12-01;-0.16
GCAG;1956-09-01;-0.252
GCAG;1944-12-01;0.0951
GISTEMP;1906-10-01;-0.2
GCAG;1898-04-01;-0.3467
GCAG;2010-09-01;0.5724
GCAG;1994-09-01;0.33
GISTEMP;2012-11-01;0.75
GISTEMP;2008-03-01;0.73
GCAG;1968-06-01;-0.0161
GISTEMP;1962-11-01;0.06
GISTEMP;1933-07-01;-0.2
GCAG;1922-12-01;-0.1563
GISTEMP;1908-10-01;-0.43
GISTEMP;1895-03-01;-0.30000000000000004
GCAG;1895-12-01;-0.069
GISTEMP;1977-05-01;0.30000000000000004
GCAG;1959-01-01;0.125
GISTEMP;1950-09-01;-0.1
GCAG;1938-07-01;-0.0505
GCAG;1929-06-01;-0.2746
GCAG;1915-05-01;-0.0685
GISTEMP;2006-10-01;0.6900000000000001
GISTEMP;2005-01-01;0.72
GCAG;1961-06-01;0.1479
GCAG;1997-08-01;0.5491
GISTEMP;1971-09-01;-0.01
GISTEMP;1929-12-01;-0.55
GCAG;2014-07-01;0.6988000000000001
GISTEMP;2009-06-01;0.65
GCAG;1939-08-01;0.0555
GISTEMP;1894-09-01;-0.23
GISTEMP;1890-05-01;-0.48
GISTEMP;1885-12-01;-0.07
GISTEMP;2014-08-01;0.8200000000000001
GCAG;2005-12-01;0.6235
GISTEMP;1996-03-01;0.34
GCAG;1989-08-01;0.30210000000000004
GCAG;1890-02-01;-0.4268
GISTEMP;2003-06-01;0.49
GISTEMP;1988-08-01;0.46
GCAG;1978-06-01;0.053200000000000004
GCAG;1993-11-01;0.092
GCAG;1903-05-01;-0.3912
GCAG;1966-01-01;-0.0458
GISTEMP;1917-03-01;-0.47000000000000003
GISTEMP;1900-01-01;-0.4
GCAG;1883-06-01;-0.0066
GCAG;1961-05-01;0.16140000000000002
GISTEMP;1936-01-01;-0.29
GCAG;1934-11-01;0.0128
GISTEMP;1977-07-01;0.23
GCAG;2000-02-01;0.5439
GISTEMP;1987-12-01;0.47000000000000003
GISTEMP;1942-06-01;0.11
GISTEMP;1904-01-01;-0.64
GCAG;1900-08-01;-0.0708
GCAG;1975-01-01;0.12010000000000001
GISTEMP;1966-07-01;0.09
GCAG;1952-11-01;-0.1975
GCAG;1942-06-01;0.20980000000000001
GCAG;1994-01-01;0.2902
GISTEMP;1971-06-01;-0.18
GISTEMP;1968-02-01;-0.15
GISTEMP;1954-02-01;-0.1
GCAG;1923-03-01;-0.2697
GCAG;2009-08-01;0.6998000000000001
GCAG;1935-07-01;-0.1155
GCAG;1929-09-01;-0.2089
GISTEMP;1889-08-01;-0.18
GCAG;2008-05-01;0.5011
GCAG;1897-12-01;-0.2989
GISTEMP;1931-06-01;-0.06
GISTEMP;1920-07-01;-0.32
GISTEMP;1894-07-01;-0.32
GCAG;1935-05-01;-0.2038
GISTEMP;1896-09-01;-0.05
GISTEMP;1992-10-01;0.11
GCAG;2009-02-01;0.5679000000000001
GCAG;2004-04-01;0.594
GCAG;2001-09-01;0.505
GISTEMP;1998-11-01;0.5
GCAG;1965-02-01;-0.1966
GCAG;1954-02-01;-0.08650000000000001
GISTEMP;1926-05-01;-0.25
GISTEMP;1911-11-01;-0.2
GCAG;1901-12-01;-0.23720000000000002
GISTEMP;1899-10-01;0.0
GCAG;1884-06-01;-0.19390000000000002
GISTEMP;1904-11-01;-0.16
GCAG;2012-11-01;0.7087
GCAG;1939-04-01;-0.13190000000000002
GISTEMP;1933-04-01;-0.23
GCAG;1931-02-01;-0.2225
GISTEMP;1911-07-01;-0.41000000000000003
GISTEMP;1884-02-01;-0.13
GISTEMP;1882-01-01;0.09
GCAG;1938-02-01;-0.054
GCAG;1916-11-01;-0.3957
GCAG;1913-02-01;-0.3899
GCAG;1897-07-01;-0.040100000000000004
GCAG;1889-06-01;-0.0698
GISTEMP;1990-06-01;0.38
GCAG;1977-02-01;0.2384
GISTEMP;1956-06-01;-0.15
GISTEMP;1943-07-01;0.14
GISTEMP;1915-05-01;-0.01
GISTEMP;1891-06-01;-0.22
GCAG;1953-07-01;0.06620000000000001
GISTEMP;1948-08-01;-0.1
GCAG;1911-02-01;-0.5265000000000001
GCAG;1980-09-01;0.2008
GCAG;1976-09-01;-0.0426
GCAG;1970-10-01;-0.0367
GISTEMP;1960-02-01;0.14
GCAG;1930-08-01;-0.09
GISTEMP;1920-05-01;-0.26
GISTEMP;1912-05-01;-0.2
GISTEMP;1979-01-01;0.14
GCAG;1956-05-01;-0.2275
GISTEMP;1938-03-01;0.05
GISTEMP;1918-12-01;-0.30000000000000004
GISTEMP;2007-12-01;0.5
GISTEMP;1970-03-01;0.08
GISTEMP;1901-01-01;-0.30000000000000004
GCAG;1924-01-01;-0.2536
GISTEMP;1977-06-01;0.25
GISTEMP;1999-02-01;0.66
GISTEMP;1974-04-01;-0.1
GCAG;1960-01-01;0.0032
GCAG;1882-01-01;0.0883
GISTEMP;1881-04-01;-0.03
GISTEMP;1927-06-01;-0.27
GISTEMP;1891-11-01;-0.37
GCAG;1882-03-01;0.07540000000000001
GISTEMP;1931-10-01;0.0
GISTEMP;1908-04-01;-0.46
GISTEMP;1906-12-01;-0.18
GISTEMP;1900-11-01;-0.13
GISTEMP;1932-01-01;0.13
GCAG;1880-03-01;-0.13570000000000002
GCAG;2010-12-01;0.4894
GISTEMP;1997-08-01;0.43
GCAG;1950-07-01;-0.1053
GCAG;1996-08-01;0.3206
GCAG;1995-03-01;0.4637
GCAG;1994-12-01;0.40090000000000003
GCAG;1989-05-01;0.27790000000000004
GISTEMP;1978-08-01;-0.18
GISTEMP;1972-06-01;0.04
GCAG;1960-05-01;-0.08410000000000001
GISTEMP;1947-05-01;-0.06
GISTEMP;1896-05-01;-0.19
GISTEMP;2011-08-01;0.73
GCAG;2011-04-01;0.6522
GCAG;1921-05-01;-0.1917
GISTEMP;1959-12-01;-0.03
GCAG;1933-01-01;-0.3073
GISTEMP;1924-05-01;-0.19
GCAG;1916-06-01;-0.3834
GCAG;2001-06-01;0.5373
GCAG;2000-05-01;0.4657
GCAG;1959-11-01;-0.079
GCAG;1919-07-01;-0.2155
GCAG;1886-05-01;-0.1573
GISTEMP;1956-11-01;-0.17
GCAG;1951-07-01;0.1101
GCAG;1917-10-01;-0.2602
GISTEMP;1960-07-01;-0.02
GCAG;2000-04-01;0.6311
GCAG;1974-02-01;-0.2548
GISTEMP;1965-01-01;-0.09
GCAG;1950-03-01;-0.0868
GCAG;1934-10-01;-0.0693
GCAG;1905-10-01;-0.296
GCAG;1896-07-01;-0.0509
GCAG;1890-12-01;-0.23020000000000002
GISTEMP;1886-03-01;-0.41000000000000003
GISTEMP;1964-03-01;-0.22
GCAG;1927-05-01;-0.2286
GCAG;1893-02-01;-0.6107
GCAG;1882-10-01;-0.2101
GCAG;1967-12-01;-0.04
GISTEMP;1963-01-01;-0.03
GISTEMP;1944-04-01;0.27
GISTEMP;1935-09-01;-0.17
GCAG;1906-08-01;-0.23620000000000002
GISTEMP;1884-06-01;-0.38
GCAG;1931-05-01;-0.1499
GCAG;1928-04-01;-0.2444
GCAG;1926-09-01;-0.10310000000000001
GISTEMP;1969-06-01;0.05
GISTEMP;2013-10-01;0.6900000000000001
GCAG;2002-10-01;0.4773
GISTEMP;1993-03-01;0.36
GCAG;1980-01-01;0.308
GCAG;1953-10-01;0.0723
GCAG;1943-11-01;0.2459
GCAG;1941-04-01;0.22290000000000001
GISTEMP;1931-05-01;-0.22
GISTEMP;2001-07-01;0.61
GISTEMP;1947-11-01;-0.01
GISTEMP;2012-12-01;0.53
GCAG;1952-04-01;0.0666
GCAG;1936-05-01;-0.1178
GISTEMP;1915-04-01;0.07
GISTEMP;1978-05-01;0.07
GCAG;1933-11-01;-0.2548
GISTEMP;1899-11-01;0.12
GCAG;1896-05-01;-0.1042
GISTEMP;1889-06-01;-0.12
GISTEMP;1898-07-01;-0.22
GCAG;1960-03-01;-0.2041
GCAG;1933-12-01;-0.40690000000000004
GISTEMP;1923-09-01;-0.28
GCAG;1906-10-01;-0.28090000000000004
GCAG;1905-11-01;-0.0916
GCAG;1990-06-01;0.41140000000000004
GCAG;1937-08-01;0.093
GISTEMP;1896-07-01;-0.06
GCAG;1894-12-01;-0.2412
GISTEMP;1909-01-01;-0.7000000000000001
GISTEMP;1904-03-01;-0.46
GISTEMP;1894-01-01;-0.55
GCAG;1982-07-01;0.1436
GCAG;1910-05-01;-0.2999
GCAG;1905-04-01;-0.4481
GCAG;1885-12-01;0.05
GCAG;2003-09-01;0.6412
GISTEMP;1988-10-01;0.4
GISTEMP;1985-02-01;-0.06
GISTEMP;1938-01-01;0.0
GISTEMP;2009-07-01;0.72
GISTEMP;1975-01-01;0.07
GCAG;1952-09-01;0.0653
GISTEMP;1929-09-01;-0.23
GCAG;1983-06-01;0.2629
GISTEMP;1968-05-01;-0.1
GCAG;1923-04-01;-0.3381
GISTEMP;1990-01-01;0.41000000000000003
GCAG;1979-12-01;0.5032
GISTEMP;1965-09-01;-0.15
GCAG;1964-10-01;-0.2665
GISTEMP;1934-10-01;-0.11
GISTEMP;1933-05-01;-0.25
GCAG;1918-12-01;-0.3195
GCAG;1916-09-01;-0.2616
GISTEMP;1887-01-01;-0.66
GCAG;1979-04-01;0.11120000000000001
GCAG;1954-05-01;-0.202
GISTEMP;1947-04-01;0.04
GCAG;1944-04-01;0.2718
GCAG;1922-04-01;-0.1301
GISTEMP;1915-11-01;-0.12
GISTEMP;1999-07-01;0.41000000000000003
GCAG;1998-01-01;0.6042000000000001
GCAG;1946-04-01;0.1768
GISTEMP;1894-02-01;-0.31
GISTEMP;1892-07-01;-0.28
GISTEMP;1889-02-01;0.14
GISTEMP;1880-12-01;-0.22
GCAG;2012-01-01;0.4228
GCAG;2005-10-01;0.6930000000000001
GCAG;2002-05-01;0.5656
GISTEMP;1939-01-01;-0.13
GCAG;1988-10-01;0.3009
GISTEMP;1943-04-01;0.13
GISTEMP;1915-02-01;-0.01
GCAG;1885-02-01;-0.2558
GISTEMP;1954-12-01;-0.18
GISTEMP;1952-04-01;0.02
GISTEMP;1979-10-01;0.26
GISTEMP;1977-08-01;0.19
GISTEMP;1970-07-01;-0.04
GCAG;1966-03-01;-0.0025
GISTEMP;1893-08-01;-0.24
GISTEMP;2003-04-01;0.55
GCAG;2006-05-01;0.5499
GCAG;1996-10-01;0.22760000000000002
GISTEMP;1935-12-01;-0.22
GCAG;1897-04-01;-0.0032
GCAG;1894-11-01;-0.2979
GISTEMP;2006-06-01;0.64
GISTEMP;2004-06-01;0.43
GCAG;1986-03-01;0.29660000000000003
GISTEMP;1945-04-01;0.24
GCAG;1931-06-01;-0.018500000000000003
GISTEMP;1904-04-01;-0.5
GCAG;1999-08-01;0.3695
GISTEMP;2015-04-01;0.74
GISTEMP;2009-11-01;0.77
GISTEMP;1965-10-01;-0.04
GCAG;1964-12-01;-0.2651
GCAG;1918-09-01;-0.1481
GCAG;1914-03-01;-0.1633
GCAG;1906-01-01;-0.17550000000000002
GCAG;1895-10-01;-0.1317
GISTEMP;1894-03-01;-0.2
GISTEMP;1932-02-01;-0.18
GISTEMP;1929-04-01;-0.4
GCAG;1971-10-01;-0.0763
GCAG;1970-09-01;0.0077
GISTEMP;1962-02-01;0.14
GCAG;1960-09-01;0.06380000000000001
GCAG;1940-05-01;0.055600000000000004
GCAG;1903-02-01;-0.08
GCAG;1953-04-01;0.18730000000000002
GCAG;1933-09-01;-0.2214
GISTEMP;1992-11-01;0.04
GCAG;1998-07-01;0.7358
GCAG;1933-02-01;-0.31670000000000004
GCAG;1932-07-01;-0.1208
GISTEMP;1925-07-01;-0.30000000000000004
GISTEMP;1919-08-01;-0.19
GCAG;1998-05-01;0.6679
GISTEMP;1969-05-01;0.2
GISTEMP;1948-12-01;-0.23
GISTEMP;1993-02-01;0.39
GISTEMP;1990-02-01;0.41000000000000003
GCAG;1974-03-01;-0.0509
GISTEMP;1942-10-01;0.06
GCAG;1935-02-01;0.16590000000000002
GISTEMP;1902-10-01;-0.27
GISTEMP;1893-04-01;-0.32
GISTEMP;1890-10-01;-0.23
GISTEMP;1980-03-01;0.29
GISTEMP;1922-09-01;-0.29
GCAG;1907-05-01;-0.46690000000000004
GCAG;1903-07-01;-0.334
GISTEMP;1984-07-01;0.16
GCAG;1938-08-01;-0.0149
GISTEMP;1912-01-01;-0.27
GISTEMP;1896-11-01;-0.16
GCAG;2010-08-01;0.6595000000000001
GCAG;1976-06-01;-0.074
GISTEMP;1940-04-01;0.16
GCAG;1909-06-01;-0.41450000000000004
GCAG;2008-02-01;0.3774
GISTEMP;1982-02-01;0.14
GCAG;1969-10-01;0.0713
GCAG;1948-09-01;-0.1032
GCAG;1933-05-01;-0.2091
GCAG;1920-03-01;-0.058300000000000005
GISTEMP;1971-10-01;-0.05
GISTEMP;1947-02-01;-0.08
GISTEMP;1914-11-01;-0.2
GISTEMP;1910-02-01;-0.43
GISTEMP;1988-02-01;0.42
GISTEMP;1947-09-01;-0.14
GISTEMP;1943-06-01;-0.01
GISTEMP;1939-04-01;-0.12
GCAG;1923-12-01;0.0001
GISTEMP;1899-08-01;-0.04
GISTEMP;1888-10-01;0.01
GISTEMP;1885-07-01;-0.29
GCAG;1951-03-01;-0.1689
GISTEMP;1931-07-01;0.01
GISTEMP;1925-09-01;-0.13
GCAG;1912-06-01;-0.26
GCAG;1908-02-01;-0.3753
GISTEMP;2000-07-01;0.42
GCAG;1998-03-01;0.6396000000000001
GCAG;1969-03-01;0.1222
GCAG;1946-10-01;-0.0057
GISTEMP;1916-07-01;-0.34
GISTEMP;1908-12-01;-0.5
GCAG;1894-01-01;-0.436
GCAG;1882-12-01;-0.1705
GISTEMP;1947-06-01;0.0
GCAG;1935-01-01;-0.2894
GCAG;1927-04-01;-0.2207
GCAG;1884-10-01;-0.1695
GCAG;1992-07-01;0.1359
GCAG;1977-06-01;0.2474
GISTEMP;2009-10-01;0.64
GCAG;1886-10-01;-0.22610000000000002
GISTEMP;1933-12-01;-0.47000000000000003
GISTEMP;1932-07-01;-0.24
GCAG;1914-11-01;-0.1202
GISTEMP;1891-09-01;-0.13
GCAG;1951-10-01;0.1081
GISTEMP;1943-10-01;0.30000000000000004
GCAG;1929-04-01;-0.29760000000000003
GCAG;1918-03-01;-0.17830000000000001
GISTEMP;1985-03-01;0.17
GISTEMP;1957-09-01;0.06
GISTEMP;1911-03-01;-0.62
GISTEMP;1883-02-01;-0.42
GCAG;1973-12-01;0.027700000000000002
GCAG;1940-06-01;0.1039
GISTEMP;2005-06-01;0.67
GISTEMP;1989-02-01;0.35000000000000003
GISTEMP;1966-08-01;-0.1
GISTEMP;1886-06-01;-0.39
GISTEMP;2011-04-01;0.65
GCAG;1966-08-01;0.019100000000000002
GCAG;1882-09-01;0.0077
GISTEMP;1962-09-01;-0.01
GCAG;1932-03-01;-0.1799
GCAG;1992-09-01;0.058800000000000005
GISTEMP;1986-04-01;0.26
GCAG;1970-12-01;-0.0954
GISTEMP;1951-11-01;0.0
GCAG;1950-05-01;-0.0536
GCAG;1931-07-01;-0.0155
GISTEMP;1913-12-01;-0.04
GISTEMP;1900-08-01;-0.04
GISTEMP;2004-08-01;0.45
GCAG;1991-04-01;0.5168
GCAG;1978-11-01;0.2245
GCAG;1916-08-01;-0.2743
GCAG;1991-08-01;0.388
GISTEMP;1949-09-01;-0.08
GISTEMP;1947-12-01;-0.18
GCAG;1932-08-01;-0.1757
GCAG;1921-08-01;-0.19640000000000002
GISTEMP;1919-12-01;-0.35000000000000003
GISTEMP;1926-04-01;-0.15
GCAG;1905-06-01;-0.2503
GISTEMP;1902-03-01;-0.29
GISTEMP;1990-10-01;0.43
GISTEMP;1985-11-01;0.09
GCAG;1982-11-01;0.151
GISTEMP;1922-01-01;-0.34
GISTEMP;1903-04-01;-0.39
GISTEMP;1993-10-01;0.24
GISTEMP;1980-01-01;0.30000000000000004
GISTEMP;1958-09-01;-0.03
GISTEMP;1908-09-01;-0.33
GCAG;1974-07-01;0.0195
GISTEMP;1969-03-01;0.0
GISTEMP;1883-04-01;-0.25
GCAG;1978-09-01;0.0748
GCAG;1939-11-01;0.044
GCAG;1922-05-01;-0.2647
GISTEMP;1898-06-01;-0.2
GISTEMP;1999-03-01;0.34
GCAG;1994-10-01;0.4273
GISTEMP;1988-12-01;0.34
GCAG;1941-01-01;0.1802
GCAG;1985-01-01;0.17830000000000001
GISTEMP;1933-01-01;-0.34
GISTEMP;1905-05-01;-0.33
GCAG;2011-06-01;0.6465000000000001
GCAG;1961-01-01;0.1188
GCAG;1940-12-01;0.26830000000000004
GCAG;1925-04-01;-0.1633
GCAG;1924-12-01;-0.3912
GCAG;1914-06-01;-0.1963
GCAG;2014-10-01;0.7851
GISTEMP;2012-09-01;0.76
GCAG;1958-10-01;0.0405
GCAG;1936-09-01;-0.038900000000000004
GISTEMP;1900-10-01;0.08
GISTEMP;1956-08-01;-0.25
GISTEMP;1882-04-01;-0.2
GCAG;1967-02-01;-0.1656
GISTEMP;1921-01-01;-0.04
GISTEMP;1913-09-01;-0.32
GCAG;1888-04-01;-0.1761
GCAG;2001-12-01;0.5128
GCAG;2013-11-01;0.8293
GISTEMP;2000-03-01;0.6000000000000001
GCAG;1996-06-01;0.3547
GISTEMP;1925-05-01;-0.30000000000000004
GCAG;1974-12-01;-0.0976
GISTEMP;1967-03-01;0.03
GCAG;1938-05-01;-0.019
GISTEMP;2015-12-01;1.11
GISTEMP;1996-06-01;0.27
GCAG;1986-11-01;0.15480000000000002
GCAG;1974-04-01;-0.042
GISTEMP;1953-10-01;0.05
GISTEMP;1952-05-01;-0.05
GCAG;1944-05-01;0.26180000000000003
GCAG;1971-02-01;-0.2144
GISTEMP;1959-10-01;-0.09
GCAG;1903-12-01;-0.3861
GISTEMP;1891-02-01;-0.49
GCAG;1888-10-01;0.019
GISTEMP;1988-06-01;0.42
GCAG;2002-08-01;0.5359
GCAG;1963-04-01;-0.0041
GISTEMP;1901-10-01;-0.29
GISTEMP;2012-07-01;0.5700000000000001
GISTEMP;1979-02-01;-0.09
GISTEMP;1962-05-01;-0.06
GCAG;1934-03-01;-0.2574
GISTEMP;1887-10-01;-0.32
GCAG;1961-07-01;0.035
GISTEMP;2006-08-01;0.72
GISTEMP;1950-04-01;-0.21
GCAG;1943-07-01;0.183
GCAG;1914-10-01;-0.09380000000000001
GISTEMP;2015-03-01;0.9
GCAG;1996-02-01;0.4562
GCAG;1934-08-01;-0.0548
GCAG;2002-03-01;0.7887000000000001
GISTEMP;1958-03-01;0.1
GCAG;1989-10-01;0.3044
GISTEMP;1963-02-01;0.19
GISTEMP;1915-03-01;-0.08
GCAG;1971-11-01;0.0363
GISTEMP;1897-10-01;-0.1
GCAG;1988-07-01;0.3431
GISTEMP;1946-12-01;-0.29
GCAG;1890-10-01;-0.29410000000000003
GCAG;2015-05-01;0.8584
GISTEMP;1993-08-01;0.13
GCAG;1945-11-01;0.1955
GISTEMP;1921-12-01;-0.18
GISTEMP;2003-03-01;0.5700000000000001
GISTEMP;2002-03-01;0.91
GISTEMP;1963-08-01;0.25
GCAG;1902-05-01;-0.2616
GCAG;2007-09-01;0.5775
GCAG;1979-11-01;0.2953
GISTEMP;1882-03-01;0.01
GISTEMP;1989-07-01;0.34
GISTEMP;1978-09-01;0.05
GISTEMP;1886-08-01;-0.31
GCAG;1944-11-01;0.15180000000000002
GISTEMP;1927-08-01;-0.19
GISTEMP;1898-08-01;-0.22
GCAG;1898-07-01;-0.2426
GCAG;2014-12-01;0.8308000000000001
GISTEMP;2014-07-01;0.5700000000000001
GISTEMP;2011-07-01;0.73
GISTEMP;2010-09-01;0.61
GCAG;2002-01-01;0.6962
GCAG;1939-09-01;0.0111
GCAG;1910-12-01;-0.5626
GCAG;1968-12-01;-0.0431
GISTEMP;1964-10-01;-0.30000000000000004
GISTEMP;1942-09-01;0.0
GISTEMP;1938-09-01;0.03
GISTEMP;1928-05-01;-0.30000000000000004
GCAG;1921-12-01;-0.08220000000000001
GISTEMP;1906-08-01;-0.19
GISTEMP;1901-11-01;-0.17
GCAG;1889-04-01;0.049600000000000005
GCAG;2002-07-01;0.6229
GISTEMP;1980-10-01;0.2
GISTEMP;1991-08-01;0.42
GISTEMP;1924-03-01;-0.12
GISTEMP;2010-08-01;0.65
GCAG;1967-04-01;0.0056
GISTEMP;1967-01-01;-0.06
GCAG;1947-01-01;-0.1816
GCAG;1984-08-01;0.16870000000000002
GCAG;1968-08-01;-0.0143
GCAG;1968-02-01;-0.12660000000000002
GCAG;1953-03-01;0.1539
GISTEMP;1924-08-01;-0.35000000000000003
GISTEMP;2012-10-01;0.78
GCAG;2003-11-01;0.5784
GISTEMP;1999-06-01;0.37
GCAG;1955-01-01;0.0879
GISTEMP;1945-05-01;0.1
GISTEMP;1940-11-01;0.13
GISTEMP;1906-05-01;-0.21
GISTEMP;1888-03-01;-0.47000000000000003
GISTEMP;1884-04-01;-0.36
GISTEMP;1881-03-01;0.01
GCAG;1995-06-01;0.4657
GISTEMP;1980-05-01;0.34
GISTEMP;1955-02-01;-0.21
GCAG;1925-06-01;-0.2291
GCAG;1916-02-01;-0.1759
GCAG;1910-07-01;-0.3264
GISTEMP;1902-06-01;-0.34
GCAG;1883-03-01;-0.1326
GCAG;1922-06-01;-0.28200000000000003
GISTEMP;1903-11-01;-0.38
GCAG;1942-12-01;0.1515
GISTEMP;1881-10-01;-0.2
GISTEMP;1972-01-01;-0.24
GCAG;1954-08-01;-0.0913
GCAG;2012-10-01;0.7022
GISTEMP;1985-07-01;0.0
GISTEMP;2011-05-01;0.53
GCAG;1901-08-01;-0.12990000000000002
GCAG;1880-01-01;0.0009000000000000002
GCAG;1942-07-01;0.07680000000000001
GCAG;1942-02-01;0.0971
GCAG;1908-03-01;-0.6041000000000001
GISTEMP;1935-03-01;-0.13
GCAG;1929-01-01;-0.484
GISTEMP;1928-10-01;-0.19
GCAG;1925-03-01;-0.16920000000000002
GISTEMP;1934-04-01;-0.27
GISTEMP;1995-08-01;0.48
GCAG;1979-09-01;0.2519
GCAG;2012-12-01;0.4655
GISTEMP;1998-07-01;0.71
GISTEMP;1997-05-01;0.39
GISTEMP;1970-05-01;-0.05
GCAG;1968-03-01;0.15080000000000002
GISTEMP;1908-11-01;-0.51
GCAG;2005-07-01;0.6572
GISTEMP;1936-04-01;-0.2
GCAG;1904-02-01;-0.467
GISTEMP;1975-07-01;-0.03
GISTEMP;1931-09-01;-0.06
GCAG;1926-12-01;-0.21580000000000002
GISTEMP;2014-06-01;0.66
GISTEMP;1976-05-01;-0.23
GISTEMP;1904-07-01;-0.48
